Instance_Name,Execution_Time,Initial_Solution,Final_Solution
adapted_instance100_m=2_n=8_l=15_c=10_s=0_1.txt,0.003241,39,36
adapted_instance100_m=2_n=8_l=15_c=10_s=0_2.txt,0.030631,40,36
adapted_instance100_m=2_n=8_l=15_c=10_s=0_3.txt,0.084302,39,37
adapted_instance100_m=2_n=8_l=15_c=10_s=0_4.txt,0.027638,40,36
adapted_instance100_m=2_n=8_l=15_c=10_s=0_5.txt,0.031414,39,36
adapted_instance100_m=2_n=8_l=15_c=10_s=0_6.txt,0.043375,39,36
adapted_instance100_m=2_n=8_l=15_c=10_s=0_7.txt,0.068063,37,37
adapted_instance100_m=2_n=8_l=15_c=10_s=0_8.txt,0.037354,40,36
adapted_instance100_m=2_n=8_l=15_c=10_s=0_9.txt,0.137788,40,37
adapted_instance100_m=2_n=8_l=15_c=10_s=0_10.txt,0.005472,41,36
adapted_instance102_m=2_n=8_l=15_c=10_s=2_1.txt,0.440435,35,32
adapted_instance102_m=2_n=8_l=15_c=10_s=2_2.txt,0.105231,32,31
adapted_instance102_m=2_n=8_l=15_c=10_s=2_3.txt,0.063371,37,31
adapted_instance102_m=2_n=8_l=15_c=10_s=2_4.txt,0.180471,34,31
adapted_instance102_m=2_n=8_l=15_c=10_s=2_5.txt,0.002047,35,31
adapted_instance102_m=2_n=8_l=15_c=10_s=2_6.txt,0.032158,31,31
adapted_instance102_m=2_n=8_l=15_c=10_s=2_7.txt,0.002679,34,31
adapted_instance102_m=2_n=8_l=15_c=10_s=2_8.txt,0.030162,35,31
adapted_instance102_m=2_n=8_l=15_c=10_s=2_9.txt,0.027603,35,33
adapted_instance102_m=2_n=8_l=15_c=10_s=2_10.txt,0.002186,34,32
adapted_instance104_m=2_n=8_l=15_c=10_s=1_1.txt,0.003005,34,32
adapted_instance104_m=2_n=8_l=15_c=10_s=1_2.txt,0.013783,36,32
adapted_instance104_m=2_n=8_l=15_c=10_s=1_3.txt,0.011293,39,32
adapted_instance104_m=2_n=8_l=15_c=10_s=1_4.txt,0.012637,35,33
adapted_instance104_m=2_n=8_l=15_c=10_s=1_5.txt,0.045347,36,31
adapted_instance104_m=2_n=8_l=15_c=10_s=1_6.txt,0.07728,36,31
adapted_instance104_m=2_n=8_l=15_c=10_s=1_7.txt,0.004089,33,32
adapted_instance104_m=2_n=8_l=15_c=10_s=1_8.txt,0.071876,37,32
adapted_instance104_m=2_n=8_l=15_c=10_s=1_9.txt,0.005379,33,33
adapted_instance104_m=2_n=8_l=15_c=10_s=1_10.txt,0.002745,37,32
adapted_instance106_m=2_n=8_l=15_c=10_s=0_1.txt,0.008687,33,32
adapted_instance106_m=2_n=8_l=15_c=10_s=0_2.txt,0.059613,39,32
adapted_instance106_m=2_n=8_l=15_c=10_s=0_3.txt,0.004144,37,33
adapted_instance106_m=2_n=8_l=15_c=10_s=0_4.txt,0.038077,36,33
adapted_instance106_m=2_n=8_l=15_c=10_s=0_5.txt,0.051052,35,34
adapted_instance106_m=2_n=8_l=15_c=10_s=0_6.txt,0.008295,37,32
adapted_instance106_m=2_n=8_l=15_c=10_s=0_7.txt,0.002076,34,33
adapted_instance106_m=2_n=8_l=15_c=10_s=0_8.txt,0.017389,39,32
adapted_instance106_m=2_n=8_l=15_c=10_s=0_9.txt,0.029109,39,32
adapted_instance106_m=2_n=8_l=15_c=10_s=0_10.txt,0.026431,34,32
adapted_instance108_m=2_n=8_l=15_c=10_s=2_1.txt,0.002394,36,32
adapted_instance108_m=2_n=8_l=15_c=10_s=2_2.txt,0.025625,34,31
adapted_instance108_m=2_n=8_l=15_c=10_s=2_3.txt,0.004371,35,31
adapted_instance108_m=2_n=8_l=15_c=10_s=2_4.txt,0.021081,36,31
adapted_instance108_m=2_n=8_l=15_c=10_s=2_5.txt,0.005027,34,32
adapted_instance108_m=2_n=8_l=15_c=10_s=2_6.txt,0.028833,37,31
adapted_instance108_m=2_n=8_l=15_c=10_s=2_7.txt,0.003424,36,30
adapted_instance108_m=2_n=8_l=15_c=10_s=2_8.txt,0.026081,37,31
adapted_instance108_m=2_n=8_l=15_c=10_s=2_9.txt,0.010139,34,31
adapted_instance108_m=2_n=8_l=15_c=10_s=2_10.txt,0.009567,37,31
adapted_instance10_m=2_n=8_l=15_c=5_s=0_1.txt,0.019022,26,23
adapted_instance10_m=2_n=8_l=15_c=5_s=0_2.txt,0.026488,24,22
adapted_instance10_m=2_n=8_l=15_c=5_s=0_3.txt,0.022189,23,21
adapted_instance10_m=2_n=8_l=15_c=5_s=0_4.txt,0.032816,24,22
adapted_instance10_m=2_n=8_l=15_c=5_s=0_5.txt,0.013767,26,21
adapted_instance10_m=2_n=8_l=15_c=5_s=0_6.txt,0.026318,26,23
adapted_instance10_m=2_n=8_l=15_c=5_s=0_7.txt,0.082138,25,21
adapted_instance10_m=2_n=8_l=15_c=5_s=0_8.txt,0.004346,29,20
adapted_instance10_m=2_n=8_l=15_c=5_s=0_9.txt,0.004038,24,21
adapted_instance10_m=2_n=8_l=15_c=5_s=0_10.txt,0.005681,27,21
adapted_instance110_m=2_n=8_l=15_c=10_s=1_1.txt,0.002154,36,33
adapted_instance110_m=2_n=8_l=15_c=10_s=1_2.txt,0.006031,40,34
adapted_instance110_m=2_n=8_l=15_c=10_s=1_3.txt,0.047197,39,33
adapted_instance110_m=2_n=8_l=15_c=10_s=1_4.txt,0.01417,40,33
adapted_instance110_m=2_n=8_l=15_c=10_s=1_5.txt,0.006596,40,33
adapted_instance110_m=2_n=8_l=15_c=10_s=1_6.txt,0.003307,40,33
adapted_instance110_m=2_n=8_l=15_c=10_s=1_7.txt,0.012401,38,33
adapted_instance110_m=2_n=8_l=15_c=10_s=1_8.txt,0.129482,36,33
adapted_instance110_m=2_n=8_l=15_c=10_s=1_9.txt,0.00946,41,33
adapted_instance110_m=2_n=8_l=15_c=10_s=1_10.txt,0.001428,33,33
adapted_instance112_m=2_n=8_l=15_c=10_s=0_1.txt,0.011824,35,33
adapted_instance112_m=2_n=8_l=15_c=10_s=0_2.txt,0.00488,36,34
adapted_instance112_m=2_n=8_l=15_c=10_s=0_3.txt,0.029926,37,33
adapted_instance112_m=2_n=8_l=15_c=10_s=0_4.txt,0.008427,36,33
adapted_instance112_m=2_n=8_l=15_c=10_s=0_5.txt,0.065282,36,34
adapted_instance112_m=2_n=8_l=15_c=10_s=0_6.txt,0.018396,36,33
adapted_instance112_m=2_n=8_l=15_c=10_s=0_7.txt,0.031374,36,33
adapted_instance112_m=2_n=8_l=15_c=10_s=0_8.txt,0.004987,38,34
adapted_instance112_m=2_n=8_l=15_c=10_s=0_9.txt,0.005654,36,34
adapted_instance112_m=2_n=8_l=15_c=10_s=0_10.txt,0.003057,38,34
adapted_instance114_m=2_n=8_l=15_c=10_s=2_1.txt,0.05857,34,29
adapted_instance114_m=2_n=8_l=15_c=10_s=2_2.txt,0.003054,35,29
adapted_instance114_m=2_n=8_l=15_c=10_s=2_3.txt,0.003871,33,29
adapted_instance114_m=2_n=8_l=15_c=10_s=2_4.txt,0.010201,31,28
adapted_instance114_m=2_n=8_l=15_c=10_s=2_5.txt,0.005173,34,29
adapted_instance114_m=2_n=8_l=15_c=10_s=2_6.txt,0.032823,35,29
adapted_instance114_m=2_n=8_l=15_c=10_s=2_7.txt,0.065177,34,28
adapted_instance114_m=2_n=8_l=15_c=10_s=2_8.txt,0.012102,29,29
adapted_instance114_m=2_n=8_l=15_c=10_s=2_9.txt,0.008629,34,28
adapted_instance114_m=2_n=8_l=15_c=10_s=2_10.txt,0.052406,33,28
adapted_instance116_m=2_n=8_l=15_c=10_s=1_1.txt,0.033015,36,32
adapted_instance116_m=2_n=8_l=15_c=10_s=1_2.txt,0.014373,36,33
adapted_instance116_m=2_n=8_l=15_c=10_s=1_3.txt,0.014945,37,33
adapted_instance116_m=2_n=8_l=15_c=10_s=1_4.txt,0.022451,35,31
adapted_instance116_m=2_n=8_l=15_c=10_s=1_5.txt,0.02563,38,31
adapted_instance116_m=2_n=8_l=15_c=10_s=1_6.txt,0.019095,36,32
adapted_instance116_m=2_n=8_l=15_c=10_s=1_7.txt,0.048191,35,31
adapted_instance116_m=2_n=8_l=15_c=10_s=1_8.txt,0.029386,33,33
adapted_instance116_m=2_n=8_l=15_c=10_s=1_9.txt,0.00797,34,31
adapted_instance116_m=2_n=8_l=15_c=10_s=1_10.txt,0.011481,35,32
adapted_instance118_m=2_n=8_l=15_c=10_s=0_1.txt,0.019617,40,37
adapted_instance118_m=2_n=8_l=15_c=10_s=0_2.txt,0.013,40,36
adapted_instance118_m=2_n=8_l=15_c=10_s=0_3.txt,0.002783,39,37
adapted_instance118_m=2_n=8_l=15_c=10_s=0_4.txt,0.00748,40,36
adapted_instance118_m=2_n=8_l=15_c=10_s=0_5.txt,0.034346,39,37
adapted_instance118_m=2_n=8_l=15_c=10_s=0_6.txt,0.003397,40,36
adapted_instance118_m=2_n=8_l=15_c=10_s=0_7.txt,0.076476,40,37
adapted_instance118_m=2_n=8_l=15_c=10_s=0_8.txt,0.00767,37,36
adapted_instance118_m=2_n=8_l=15_c=10_s=0_9.txt,0.028533,41,37
adapted_instance118_m=2_n=8_l=15_c=10_s=0_10.txt,0.023924,40,36
adapted_instance120_m=2_n=8_l=15_c=10_s=2_1.txt,0.004034,39,36
adapted_instance120_m=2_n=8_l=15_c=10_s=2_2.txt,0.086315,39,36
adapted_instance120_m=2_n=8_l=15_c=10_s=2_3.txt,0.079033,39,35
adapted_instance120_m=2_n=8_l=15_c=10_s=2_4.txt,0.025849,39,35
adapted_instance120_m=2_n=8_l=15_c=10_s=2_5.txt,0.052393,37,37
adapted_instance120_m=2_n=8_l=15_c=10_s=2_6.txt,0.067002,36,36
adapted_instance120_m=2_n=8_l=15_c=10_s=2_7.txt,0.019023,38,36
adapted_instance120_m=2_n=8_l=15_c=10_s=2_8.txt,0.05928,38,37
adapted_instance120_m=2_n=8_l=15_c=10_s=2_9.txt,0.009037,38,36
adapted_instance120_m=2_n=8_l=15_c=10_s=2_10.txt,0.003919,38,36
adapted_instance122_m=2_n=8_l=20_c=10_s=1_1.txt,0.086411,49,44
adapted_instance122_m=2_n=8_l=20_c=10_s=1_2.txt,0.016572,52,45
adapted_instance122_m=2_n=8_l=20_c=10_s=1_3.txt,0.004087,51,45
adapted_instance122_m=2_n=8_l=20_c=10_s=1_4.txt,0.084599,49,45
adapted_instance122_m=2_n=8_l=20_c=10_s=1_5.txt,0.014126,50,46
adapted_instance122_m=2_n=8_l=20_c=10_s=1_6.txt,0.031038,48,44
adapted_instance122_m=2_n=8_l=20_c=10_s=1_7.txt,0.013101,52,44
adapted_instance122_m=2_n=8_l=20_c=10_s=1_8.txt,0.029933,50,45
adapted_instance122_m=2_n=8_l=20_c=10_s=1_9.txt,0.076305,51,46
adapted_instance122_m=2_n=8_l=20_c=10_s=1_10.txt,0.030853,47,43
adapted_instance124_m=2_n=8_l=20_c=10_s=0_1.txt,0.006941,51,47
adapted_instance124_m=2_n=8_l=20_c=10_s=0_2.txt,0.006278,51,49
adapted_instance124_m=2_n=8_l=20_c=10_s=0_3.txt,0.003391,53,48
adapted_instance124_m=2_n=8_l=20_c=10_s=0_4.txt,0.003244,52,49
adapted_instance124_m=2_n=8_l=20_c=10_s=0_5.txt,0.141334,53,48
adapted_instance124_m=2_n=8_l=20_c=10_s=0_6.txt,0.0697,55,47
adapted_instance124_m=2_n=8_l=20_c=10_s=0_7.txt,0.003866,51,48
adapted_instance124_m=2_n=8_l=20_c=10_s=0_8.txt,0.023258,53,48
adapted_instance124_m=2_n=8_l=20_c=10_s=0_9.txt,0.009061,52,47
adapted_instance124_m=2_n=8_l=20_c=10_s=0_10.txt,0.004756,53,49
adapted_instance126_m=2_n=8_l=20_c=10_s=2_1.txt,0.00661,53,42
adapted_instance126_m=2_n=8_l=20_c=10_s=2_2.txt,0.124205,50,42
adapted_instance126_m=2_n=8_l=20_c=10_s=2_3.txt,0.003787,48,42
adapted_instance126_m=2_n=8_l=20_c=10_s=2_4.txt,0.078709,48,43
adapted_instance126_m=2_n=8_l=20_c=10_s=2_5.txt,0.003258,50,44
adapted_instance126_m=2_n=8_l=20_c=10_s=2_6.txt,0.030118,46,43
adapted_instance126_m=2_n=8_l=20_c=10_s=2_7.txt,0.01087,49,41
adapted_instance126_m=2_n=8_l=20_c=10_s=2_8.txt,0.003071,48,46
adapted_instance126_m=2_n=8_l=20_c=10_s=2_9.txt,0.015748,47,41
adapted_instance126_m=2_n=8_l=20_c=10_s=2_10.txt,0.010806,45,41
adapted_instance128_m=2_n=8_l=20_c=10_s=1_1.txt,0.082868,51,47
adapted_instance128_m=2_n=8_l=20_c=10_s=1_2.txt,0.006483,51,48
adapted_instance128_m=2_n=8_l=20_c=10_s=1_3.txt,0.027311,53,47
adapted_instance128_m=2_n=8_l=20_c=10_s=1_4.txt,0.01508,50,48
adapted_instance128_m=2_n=8_l=20_c=10_s=1_5.txt,0.004009,53,48
adapted_instance128_m=2_n=8_l=20_c=10_s=1_6.txt,0.020166,51,47
adapted_instance128_m=2_n=8_l=20_c=10_s=1_7.txt,0.006257,51,47
adapted_instance128_m=2_n=8_l=20_c=10_s=1_8.txt,0.061457,52,49
adapted_instance128_m=2_n=8_l=20_c=10_s=1_9.txt,0.005699,50,47
adapted_instance128_m=2_n=8_l=20_c=10_s=1_10.txt,0.237619,53,48
adapted_instance12_m=2_n=8_l=15_c=5_s=2_1.txt,0.034633,26,22
adapted_instance12_m=2_n=8_l=15_c=5_s=2_2.txt,0.002041,26,24
adapted_instance12_m=2_n=8_l=15_c=5_s=2_3.txt,0.072948,26,22
adapted_instance12_m=2_n=8_l=15_c=5_s=2_4.txt,0.019477,27,22
adapted_instance12_m=2_n=8_l=15_c=5_s=2_5.txt,0.010579,24,22
adapted_instance12_m=2_n=8_l=15_c=5_s=2_6.txt,0.003167,26,23
adapted_instance12_m=2_n=8_l=15_c=5_s=2_7.txt,0.011805,27,23
adapted_instance12_m=2_n=8_l=15_c=5_s=2_8.txt,0.002232,25,23
adapted_instance12_m=2_n=8_l=15_c=5_s=2_9.txt,0.002348,29,23
adapted_instance12_m=2_n=8_l=15_c=5_s=2_10.txt,0.002032,26,23
adapted_instance130_m=2_n=8_l=20_c=10_s=0_1.txt,0.008191,46,39
adapted_instance130_m=2_n=8_l=20_c=10_s=0_2.txt,0.014622,44,39
adapted_instance130_m=2_n=8_l=20_c=10_s=0_3.txt,0.073309,47,40
adapted_instance130_m=2_n=8_l=20_c=10_s=0_4.txt,0.014274,47,40
adapted_instance130_m=2_n=8_l=20_c=10_s=0_5.txt,0.005582,43,38
adapted_instance130_m=2_n=8_l=20_c=10_s=0_6.txt,0.026,46,40
adapted_instance130_m=2_n=8_l=20_c=10_s=0_7.txt,0.003049,44,40
adapted_instance130_m=2_n=8_l=20_c=10_s=0_8.txt,0.004866,44,40
adapted_instance130_m=2_n=8_l=20_c=10_s=0_9.txt,0.005473,43,39
adapted_instance130_m=2_n=8_l=20_c=10_s=0_10.txt,0.004469,47,41
adapted_instance132_m=2_n=8_l=20_c=10_s=2_1.txt,0.004679,47,42
adapted_instance132_m=2_n=8_l=20_c=10_s=2_2.txt,0.012437,43,42
adapted_instance132_m=2_n=8_l=20_c=10_s=2_3.txt,0.070537,49,43
adapted_instance132_m=2_n=8_l=20_c=10_s=2_4.txt,0.035362,46,43
adapted_instance132_m=2_n=8_l=20_c=10_s=2_5.txt,0.02048,45,42
adapted_instance132_m=2_n=8_l=20_c=10_s=2_6.txt,0.0079,49,43
adapted_instance132_m=2_n=8_l=20_c=10_s=2_7.txt,0.003662,47,42
adapted_instance132_m=2_n=8_l=20_c=10_s=2_8.txt,0.004648,45,42
adapted_instance132_m=2_n=8_l=20_c=10_s=2_9.txt,0.098641,44,42
adapted_instance132_m=2_n=8_l=20_c=10_s=2_10.txt,0.016955,44,41
adapted_instance134_m=2_n=8_l=20_c=10_s=1_1.txt,0.088517,48,43
adapted_instance134_m=2_n=8_l=20_c=10_s=1_2.txt,0.018793,49,42
adapted_instance134_m=2_n=8_l=20_c=10_s=1_3.txt,0.077344,47,46
adapted_instance134_m=2_n=8_l=20_c=10_s=1_4.txt,0.005545,45,43
adapted_instance134_m=2_n=8_l=20_c=10_s=1_5.txt,0.009769,51,44
adapted_instance134_m=2_n=8_l=20_c=10_s=1_6.txt,0.006871,49,45
adapted_instance134_m=2_n=8_l=20_c=10_s=1_7.txt,0.006985,48,43
adapted_instance134_m=2_n=8_l=20_c=10_s=1_8.txt,0.003327,45,42
adapted_instance134_m=2_n=8_l=20_c=10_s=1_9.txt,0.017119,47,43
adapted_instance134_m=2_n=8_l=20_c=10_s=1_10.txt,0.045103,50,43
adapted_instance136_m=2_n=8_l=20_c=10_s=0_1.txt,0.021121,45,41
adapted_instance136_m=2_n=8_l=20_c=10_s=0_2.txt,0.016094,46,41
adapted_instance136_m=2_n=8_l=20_c=10_s=0_3.txt,0.00305,48,42
adapted_instance136_m=2_n=8_l=20_c=10_s=0_4.txt,0.065071,49,42
adapted_instance136_m=2_n=8_l=20_c=10_s=0_5.txt,0.005902,48,41
adapted_instance136_m=2_n=8_l=20_c=10_s=0_6.txt,0.009679,47,41
adapted_instance136_m=2_n=8_l=20_c=10_s=0_7.txt,0.014354,47,41
adapted_instance136_m=2_n=8_l=20_c=10_s=0_8.txt,0.003581,47,43
adapted_instance136_m=2_n=8_l=20_c=10_s=0_9.txt,0.00353,47,43
adapted_instance136_m=2_n=8_l=20_c=10_s=0_10.txt,0.005241,44,41
adapted_instance138_m=2_n=8_l=20_c=10_s=2_1.txt,0.010138,45,43
adapted_instance138_m=2_n=8_l=20_c=10_s=2_2.txt,0.006588,50,43
adapted_instance138_m=2_n=8_l=20_c=10_s=2_3.txt,0.020612,49,43
adapted_instance138_m=2_n=8_l=20_c=10_s=2_4.txt,0.048355,45,42
adapted_instance138_m=2_n=8_l=20_c=10_s=2_5.txt,0.017235,46,41
adapted_instance138_m=2_n=8_l=20_c=10_s=2_6.txt,0.014391,49,41
adapted_instance138_m=2_n=8_l=20_c=10_s=2_7.txt,0.064854,47,42
adapted_instance138_m=2_n=8_l=20_c=10_s=2_8.txt,0.024405,44,41
adapted_instance138_m=2_n=8_l=20_c=10_s=2_9.txt,0.013355,51,41
adapted_instance138_m=2_n=8_l=20_c=10_s=2_10.txt,0.003087,47,41
adapted_instance140_m=2_n=8_l=20_c=10_s=1_1.txt,0.084025,48,40
adapted_instance140_m=2_n=8_l=20_c=10_s=1_2.txt,0.030236,50,39
adapted_instance140_m=2_n=8_l=20_c=10_s=1_3.txt,0.003207,43,40
adapted_instance140_m=2_n=8_l=20_c=10_s=1_4.txt,0.006182,49,42
adapted_instance140_m=2_n=8_l=20_c=10_s=1_5.txt,0.003469,45,41
adapted_instance140_m=2_n=8_l=20_c=10_s=1_6.txt,0.013385,49,41
adapted_instance140_m=2_n=8_l=20_c=10_s=1_7.txt,0.006867,48,42
adapted_instance140_m=2_n=8_l=20_c=10_s=1_8.txt,0.029474,44,39
adapted_instance140_m=2_n=8_l=20_c=10_s=1_9.txt,0.036017,48,39
adapted_instance140_m=2_n=8_l=20_c=10_s=1_10.txt,0.004892,51,40
adapted_instance142_m=2_n=8_l=20_c=10_s=0_1.txt,0.011462,45,39
adapted_instance142_m=2_n=8_l=20_c=10_s=0_2.txt,0.015634,48,39
adapted_instance142_m=2_n=8_l=20_c=10_s=0_3.txt,0.056482,48,41
adapted_instance142_m=2_n=8_l=20_c=10_s=0_4.txt,0.018081,44,42
adapted_instance142_m=2_n=8_l=20_c=10_s=0_5.txt,0.042484,43,43
adapted_instance142_m=2_n=8_l=20_c=10_s=0_6.txt,0.020591,43,41
adapted_instance142_m=2_n=8_l=20_c=10_s=0_7.txt,0.008868,42,41
adapted_instance142_m=2_n=8_l=20_c=10_s=0_8.txt,0.017036,46,43
adapted_instance142_m=2_n=8_l=20_c=10_s=0_9.txt,0.00624,47,40
adapted_instance142_m=2_n=8_l=20_c=10_s=0_10.txt,0.020014,45,40
adapted_instance144_m=2_n=8_l=20_c=10_s=2_1.txt,0.020284,48,42
adapted_instance144_m=2_n=8_l=20_c=10_s=2_2.txt,0.07136,48,43
adapted_instance144_m=2_n=8_l=20_c=10_s=2_3.txt,0.050705,45,42
adapted_instance144_m=2_n=8_l=20_c=10_s=2_4.txt,0.019337,47,42
adapted_instance144_m=2_n=8_l=20_c=10_s=2_5.txt,0.005556,45,43
adapted_instance144_m=2_n=8_l=20_c=10_s=2_6.txt,0.033162,50,44
adapted_instance144_m=2_n=8_l=20_c=10_s=2_7.txt,0.330662,48,42
adapted_instance144_m=2_n=8_l=20_c=10_s=2_8.txt,0.03845,51,42
adapted_instance144_m=2_n=8_l=20_c=10_s=2_9.txt,0.01722,47,43
adapted_instance144_m=2_n=8_l=20_c=10_s=2_10.txt,0.016058,46,42
adapted_instance146_m=2_n=8_l=20_c=10_s=1_1.txt,0.068404,49,43
adapted_instance146_m=2_n=8_l=20_c=10_s=1_2.txt,0.025016,50,40
adapted_instance146_m=2_n=8_l=20_c=10_s=1_3.txt,0.014966,46,41
adapted_instance146_m=2_n=8_l=20_c=10_s=1_4.txt,0.016408,47,42
adapted_instance146_m=2_n=8_l=20_c=10_s=1_5.txt,0.008651,46,41
adapted_instance146_m=2_n=8_l=20_c=10_s=1_6.txt,0.066875,45,41
adapted_instance146_m=2_n=8_l=20_c=10_s=1_7.txt,0.013552,46,40
adapted_instance146_m=2_n=8_l=20_c=10_s=1_8.txt,0.020874,47,42
adapted_instance146_m=2_n=8_l=20_c=10_s=1_9.txt,0.003212,50,42
adapted_instance146_m=2_n=8_l=20_c=10_s=1_10.txt,0.050908,49,44
adapted_instance148_m=2_n=8_l=20_c=10_s=0_1.txt,0.05575,51,44
adapted_instance148_m=2_n=8_l=20_c=10_s=0_2.txt,0.004049,48,45
adapted_instance148_m=2_n=8_l=20_c=10_s=0_3.txt,0.04818,52,44
adapted_instance148_m=2_n=8_l=20_c=10_s=0_4.txt,0.009581,50,45
adapted_instance148_m=2_n=8_l=20_c=10_s=0_5.txt,0.015916,48,44
adapted_instance148_m=2_n=8_l=20_c=10_s=0_6.txt,0.041849,51,45
adapted_instance148_m=2_n=8_l=20_c=10_s=0_7.txt,0.012283,49,44
adapted_instance148_m=2_n=8_l=20_c=10_s=0_8.txt,0.009324,51,45
adapted_instance148_m=2_n=8_l=20_c=10_s=0_9.txt,0.020258,48,47
adapted_instance148_m=2_n=8_l=20_c=10_s=0_10.txt,0.030053,48,44
adapted_instance14_m=2_n=8_l=15_c=5_s=1_1.txt,0.003642,30,24
adapted_instance14_m=2_n=8_l=15_c=5_s=1_2.txt,0.002887,28,24
adapted_instance14_m=2_n=8_l=15_c=5_s=1_3.txt,0.004496,28,25
adapted_instance14_m=2_n=8_l=15_c=5_s=1_4.txt,0.071236,26,25
adapted_instance14_m=2_n=8_l=15_c=5_s=1_5.txt,0.085054,29,24
adapted_instance14_m=2_n=8_l=15_c=5_s=1_6.txt,0.011546,27,24
adapted_instance14_m=2_n=8_l=15_c=5_s=1_7.txt,0.002213,26,24
adapted_instance14_m=2_n=8_l=15_c=5_s=1_8.txt,0.020038,25,24
adapted_instance14_m=2_n=8_l=15_c=5_s=1_9.txt,0.015217,30,24
adapted_instance14_m=2_n=8_l=15_c=5_s=1_10.txt,0.012358,29,24
adapted_instance150_m=2_n=8_l=20_c=10_s=2_1.txt,0.004681,52,45
adapted_instance150_m=2_n=8_l=20_c=10_s=2_2.txt,0.008751,52,45
adapted_instance150_m=2_n=8_l=20_c=10_s=2_3.txt,0.003679,54,47
adapted_instance150_m=2_n=8_l=20_c=10_s=2_4.txt,0.044519,51,45
adapted_instance150_m=2_n=8_l=20_c=10_s=2_5.txt,0.008725,51,46
adapted_instance150_m=2_n=8_l=20_c=10_s=2_6.txt,0.003456,51,47
adapted_instance150_m=2_n=8_l=20_c=10_s=2_7.txt,0.016387,51,45
adapted_instance150_m=2_n=8_l=20_c=10_s=2_8.txt,0.01635,51,45
adapted_instance150_m=2_n=8_l=20_c=10_s=2_9.txt,0.027552,50,46
adapted_instance150_m=2_n=8_l=20_c=10_s=2_10.txt,0.042899,50,45
adapted_instance152_m=2_n=8_l=20_c=15_s=1_1.txt,0.013243,50,46
adapted_instance152_m=2_n=8_l=20_c=15_s=1_2.txt,0.00277,51,46
adapted_instance152_m=2_n=8_l=20_c=15_s=1_3.txt,0.005381,50,46
adapted_instance152_m=2_n=8_l=20_c=15_s=1_4.txt,0.006989,50,45
adapted_instance152_m=2_n=8_l=20_c=15_s=1_5.txt,0.004498,46,45
adapted_instance152_m=2_n=8_l=20_c=15_s=1_6.txt,0.048565,47,45
adapted_instance152_m=2_n=8_l=20_c=15_s=1_7.txt,0.005288,49,45
adapted_instance152_m=2_n=8_l=20_c=15_s=1_8.txt,0.007475,49,45
adapted_instance152_m=2_n=8_l=20_c=15_s=1_9.txt,0.024071,48,43
adapted_instance152_m=2_n=8_l=20_c=15_s=1_10.txt,0.007634,47,44
adapted_instance154_m=2_n=8_l=20_c=15_s=0_1.txt,0.05218,47,44
adapted_instance154_m=2_n=8_l=20_c=15_s=0_2.txt,0.023455,47,45
adapted_instance154_m=2_n=8_l=20_c=15_s=0_3.txt,0.00258,50,44
adapted_instance154_m=2_n=8_l=20_c=15_s=0_4.txt,0.002667,46,44
adapted_instance154_m=2_n=8_l=20_c=15_s=0_5.txt,0.007097,53,44
adapted_instance154_m=2_n=8_l=20_c=15_s=0_6.txt,0.066489,50,44
adapted_instance154_m=2_n=8_l=20_c=15_s=0_7.txt,0.002728,50,45
adapted_instance154_m=2_n=8_l=20_c=15_s=0_8.txt,0.002654,48,46
adapted_instance154_m=2_n=8_l=20_c=15_s=0_9.txt,0.006595,48,44
adapted_instance154_m=2_n=8_l=20_c=15_s=0_10.txt,0.004781,48,44
adapted_instance156_m=2_n=8_l=20_c=15_s=2_1.txt,0.056424,49,46
adapted_instance156_m=2_n=8_l=20_c=15_s=2_2.txt,0.014489,52,46
adapted_instance156_m=2_n=8_l=20_c=15_s=2_3.txt,0.318801,50,45
adapted_instance156_m=2_n=8_l=20_c=15_s=2_4.txt,0.006078,45,44
adapted_instance156_m=2_n=8_l=20_c=15_s=2_5.txt,0.008675,52,46
adapted_instance156_m=2_n=8_l=20_c=15_s=2_6.txt,0.012527,50,44
adapted_instance156_m=2_n=8_l=20_c=15_s=2_7.txt,0.018297,48,46
adapted_instance156_m=2_n=8_l=20_c=15_s=2_8.txt,0.002906,47,44
adapted_instance156_m=2_n=8_l=20_c=15_s=2_9.txt,0.019468,49,46
adapted_instance156_m=2_n=8_l=20_c=15_s=2_10.txt,0.002867,49,44
adapted_instance158_m=2_n=8_l=20_c=15_s=1_1.txt,0.069556,62,56
adapted_instance158_m=2_n=8_l=20_c=15_s=1_2.txt,0.006067,64,58
adapted_instance158_m=2_n=8_l=20_c=15_s=1_3.txt,0.019103,56,56
adapted_instance158_m=2_n=8_l=20_c=15_s=1_4.txt,0.004251,61,57
adapted_instance158_m=2_n=8_l=20_c=15_s=1_5.txt,0.017661,62,57
adapted_instance158_m=2_n=8_l=20_c=15_s=1_6.txt,0.00376,61,58
adapted_instance158_m=2_n=8_l=20_c=15_s=1_7.txt,0.018634,62,57
adapted_instance158_m=2_n=8_l=20_c=15_s=1_8.txt,0.005055,61,57
adapted_instance158_m=2_n=8_l=20_c=15_s=1_9.txt,0.013428,62,57
adapted_instance158_m=2_n=8_l=20_c=15_s=1_10.txt,0.017643,63,58
adapted_instance160_m=2_n=8_l=20_c=15_s=0_1.txt,0.00801,67,61
adapted_instance160_m=2_n=8_l=20_c=15_s=0_2.txt,0.011637,66,61
adapted_instance160_m=2_n=8_l=20_c=15_s=0_3.txt,0.011296,64,62
adapted_instance160_m=2_n=8_l=20_c=15_s=0_4.txt,0.005512,66,60
adapted_instance160_m=2_n=8_l=20_c=15_s=0_5.txt,0.003543,64,61
adapted_instance160_m=2_n=8_l=20_c=15_s=0_6.txt,0.054888,64,60
adapted_instance160_m=2_n=8_l=20_c=15_s=0_7.txt,0.003907,66,60
adapted_instance160_m=2_n=8_l=20_c=15_s=0_8.txt,0.018436,63,59
adapted_instance160_m=2_n=8_l=20_c=15_s=0_9.txt,0.002677,63,60
adapted_instance160_m=2_n=8_l=20_c=15_s=0_10.txt,0.041078,64,59
adapted_instance162_m=2_n=8_l=20_c=15_s=2_1.txt,0.005941,66,61
adapted_instance162_m=2_n=8_l=20_c=15_s=2_2.txt,0.065481,69,61
adapted_instance162_m=2_n=8_l=20_c=15_s=2_3.txt,0.003428,65,60
adapted_instance162_m=2_n=8_l=20_c=15_s=2_4.txt,0.046469,64,60
adapted_instance162_m=2_n=8_l=20_c=15_s=2_5.txt,0.00895,66,60
adapted_instance162_m=2_n=8_l=20_c=15_s=2_6.txt,0.037481,62,60
adapted_instance162_m=2_n=8_l=20_c=15_s=2_7.txt,0.006003,65,60
adapted_instance162_m=2_n=8_l=20_c=15_s=2_8.txt,0.084701,64,60
adapted_instance162_m=2_n=8_l=20_c=15_s=2_9.txt,0.002652,63,61
adapted_instance162_m=2_n=8_l=20_c=15_s=2_10.txt,0.017819,61,60
adapted_instance164_m=2_n=8_l=20_c=15_s=1_1.txt,0.017807,45,44
adapted_instance164_m=2_n=8_l=20_c=15_s=1_2.txt,0.0113,47,45
adapted_instance164_m=2_n=8_l=20_c=15_s=1_3.txt,0.006886,52,46
adapted_instance164_m=2_n=8_l=20_c=15_s=1_4.txt,0.012227,50,46
adapted_instance164_m=2_n=8_l=20_c=15_s=1_5.txt,0.007058,48,44
adapted_instance164_m=2_n=8_l=20_c=15_s=1_6.txt,0.056989,47,46
adapted_instance164_m=2_n=8_l=20_c=15_s=1_7.txt,0.005673,47,46
adapted_instance164_m=2_n=8_l=20_c=15_s=1_8.txt,0.009809,51,44
adapted_instance164_m=2_n=8_l=20_c=15_s=1_9.txt,0.028165,51,45
adapted_instance164_m=2_n=8_l=20_c=15_s=1_10.txt,0.002635,51,45
adapted_instance166_m=2_n=8_l=20_c=15_s=0_1.txt,0.067121,58,55
adapted_instance166_m=2_n=8_l=20_c=15_s=0_2.txt,0.014426,62,54
adapted_instance166_m=2_n=8_l=20_c=15_s=0_3.txt,0.017745,58,54
adapted_instance166_m=2_n=8_l=20_c=15_s=0_4.txt,0.028826,56,54
adapted_instance166_m=2_n=8_l=20_c=15_s=0_5.txt,0.129719,60,55
adapted_instance166_m=2_n=8_l=20_c=15_s=0_6.txt,0.077155,59,56
adapted_instance166_m=2_n=8_l=20_c=15_s=0_7.txt,0.022371,57,54
adapted_instance166_m=2_n=8_l=20_c=15_s=0_8.txt,0.002975,58,55
adapted_instance166_m=2_n=8_l=20_c=15_s=0_9.txt,0.010871,59,55
adapted_instance166_m=2_n=8_l=20_c=15_s=0_10.txt,0.091641,56,54
adapted_instance168_m=2_n=8_l=20_c=15_s=2_1.txt,0.008825,58,51
adapted_instance168_m=2_n=8_l=20_c=15_s=2_2.txt,0.003188,55,54
adapted_instance168_m=2_n=8_l=20_c=15_s=2_3.txt,0.003042,59,51
adapted_instance168_m=2_n=8_l=20_c=15_s=2_4.txt,0.016762,53,51
adapted_instance168_m=2_n=8_l=20_c=15_s=2_5.txt,0.029689,58,52
adapted_instance168_m=2_n=8_l=20_c=15_s=2_6.txt,0.0218,57,52
adapted_instance168_m=2_n=8_l=20_c=15_s=2_7.txt,0.023124,56,51
adapted_instance168_m=2_n=8_l=20_c=15_s=2_8.txt,0.00382,55,53
adapted_instance168_m=2_n=8_l=20_c=15_s=2_9.txt,0.059007,58,51
adapted_instance168_m=2_n=8_l=20_c=15_s=2_10.txt,0.002811,59,52
adapted_instance16_m=2_n=8_l=15_c=5_s=0_1.txt,0.001473,26,26
adapted_instance16_m=2_n=8_l=15_c=5_s=0_2.txt,0.013595,28,24
adapted_instance16_m=2_n=8_l=15_c=5_s=0_3.txt,0.220402,29,23
adapted_instance16_m=2_n=8_l=15_c=5_s=0_4.txt,0.040438,30,23
adapted_instance16_m=2_n=8_l=15_c=5_s=0_5.txt,0.002576,27,24
adapted_instance16_m=2_n=8_l=15_c=5_s=0_6.txt,0.027895,28,23
adapted_instance16_m=2_n=8_l=15_c=5_s=0_7.txt,0.071327,28,24
adapted_instance16_m=2_n=8_l=15_c=5_s=0_8.txt,0.07629,30,23
adapted_instance16_m=2_n=8_l=15_c=5_s=0_9.txt,0.005693,29,23
adapted_instance16_m=2_n=8_l=15_c=5_s=0_10.txt,0.003801,30,23
adapted_instance170_m=2_n=8_l=20_c=15_s=1_1.txt,0.13034,47,42
adapted_instance170_m=2_n=8_l=20_c=15_s=1_2.txt,0.007301,48,43
adapted_instance170_m=2_n=8_l=20_c=15_s=1_3.txt,0.004635,45,41
adapted_instance170_m=2_n=8_l=20_c=15_s=1_4.txt,0.017012,47,43
adapted_instance170_m=2_n=8_l=20_c=15_s=1_5.txt,0.003758,45,41
adapted_instance170_m=2_n=8_l=20_c=15_s=1_6.txt,0.028038,49,43
adapted_instance170_m=2_n=8_l=20_c=15_s=1_7.txt,0.004846,45,42
adapted_instance170_m=2_n=8_l=20_c=15_s=1_8.txt,0.041366,49,41
adapted_instance170_m=2_n=8_l=20_c=15_s=1_9.txt,0.012228,48,43
adapted_instance170_m=2_n=8_l=20_c=15_s=1_10.txt,0.010709,48,41
adapted_instance172_m=2_n=8_l=20_c=15_s=0_1.txt,0.020208,52,44
adapted_instance172_m=2_n=8_l=20_c=15_s=0_2.txt,0.003359,48,47
adapted_instance172_m=2_n=8_l=20_c=15_s=0_3.txt,0.073089,51,46
adapted_instance172_m=2_n=8_l=20_c=15_s=0_4.txt,0.046331,51,46
adapted_instance172_m=2_n=8_l=20_c=15_s=0_5.txt,0.004322,48,44
adapted_instance172_m=2_n=8_l=20_c=15_s=0_6.txt,0.030081,49,46
adapted_instance172_m=2_n=8_l=20_c=15_s=0_7.txt,0.008203,49,46
adapted_instance172_m=2_n=8_l=20_c=15_s=0_8.txt,0.011868,51,44
adapted_instance172_m=2_n=8_l=20_c=15_s=0_9.txt,0.115151,49,44
adapted_instance172_m=2_n=8_l=20_c=15_s=0_10.txt,0.016132,49,45
adapted_instance174_m=2_n=8_l=20_c=15_s=2_1.txt,0.004171,49,41
adapted_instance174_m=2_n=8_l=20_c=15_s=2_2.txt,0.023507,47,44
adapted_instance174_m=2_n=8_l=20_c=15_s=2_3.txt,0.022995,49,42
adapted_instance174_m=2_n=8_l=20_c=15_s=2_4.txt,0.007881,49,42
adapted_instance174_m=2_n=8_l=20_c=15_s=2_5.txt,0.003055,47,44
adapted_instance174_m=2_n=8_l=20_c=15_s=2_6.txt,0.008682,47,43
adapted_instance174_m=2_n=8_l=20_c=15_s=2_7.txt,0.005292,48,42
adapted_instance174_m=2_n=8_l=20_c=15_s=2_8.txt,0.07498,47,42
adapted_instance174_m=2_n=8_l=20_c=15_s=2_9.txt,0.012335,50,42
adapted_instance174_m=2_n=8_l=20_c=15_s=2_10.txt,0.055171,48,41
adapted_instance176_m=2_n=8_l=20_c=15_s=1_1.txt,0.025761,45,42
adapted_instance176_m=2_n=8_l=20_c=15_s=1_2.txt,0.041058,47,39
adapted_instance176_m=2_n=8_l=20_c=15_s=1_3.txt,0.093632,39,38
adapted_instance176_m=2_n=8_l=20_c=15_s=1_4.txt,0.022356,43,38
adapted_instance176_m=2_n=8_l=20_c=15_s=1_5.txt,0.072913,43,40
adapted_instance176_m=2_n=8_l=20_c=15_s=1_6.txt,0.004162,40,38
adapted_instance176_m=2_n=8_l=20_c=15_s=1_7.txt,0.006241,43,38
adapted_instance176_m=2_n=8_l=20_c=15_s=1_8.txt,0.008581,42,39
adapted_instance176_m=2_n=8_l=20_c=15_s=1_9.txt,0.013218,45,40
adapted_instance176_m=2_n=8_l=20_c=15_s=1_10.txt,0.013958,38,38
adapted_instance178_m=2_n=8_l=20_c=15_s=0_1.txt,0.022903,45,44
adapted_instance178_m=2_n=8_l=20_c=15_s=0_2.txt,0.003273,49,44
adapted_instance178_m=2_n=8_l=20_c=15_s=0_3.txt,0.0122,45,43
adapted_instance178_m=2_n=8_l=20_c=15_s=0_4.txt,0.046873,48,43
adapted_instance178_m=2_n=8_l=20_c=15_s=0_5.txt,0.002734,48,43
adapted_instance178_m=2_n=8_l=20_c=15_s=0_6.txt,0.004958,48,42
adapted_instance178_m=2_n=8_l=20_c=15_s=0_7.txt,0.002577,50,42
adapted_instance178_m=2_n=8_l=20_c=15_s=0_8.txt,0.010287,46,44
adapted_instance178_m=2_n=8_l=20_c=15_s=0_9.txt,0.009755,48,43
adapted_instance178_m=2_n=8_l=20_c=15_s=0_10.txt,0.004104,49,42
adapted_instance180_m=2_n=8_l=20_c=15_s=2_1.txt,0.03212,41,41
adapted_instance180_m=2_n=8_l=20_c=15_s=2_2.txt,0.013425,50,44
adapted_instance180_m=2_n=8_l=20_c=15_s=2_3.txt,0.002871,46,41
adapted_instance180_m=2_n=8_l=20_c=15_s=2_4.txt,0.005373,48,40
adapted_instance180_m=2_n=8_l=20_c=15_s=2_5.txt,0.006204,48,41
adapted_instance180_m=2_n=8_l=20_c=15_s=2_6.txt,0.003437,49,42
adapted_instance180_m=2_n=8_l=20_c=15_s=2_7.txt,0.005101,45,41
adapted_instance180_m=2_n=8_l=20_c=15_s=2_8.txt,0.033307,42,41
adapted_instance180_m=2_n=8_l=20_c=15_s=2_9.txt,0.005299,47,42
adapted_instance180_m=2_n=8_l=20_c=15_s=2_10.txt,0.003787,42,40
adapted_instance182_m=2_n=8_l=20_c=15_s=1_1.txt,0.00289,37,35
adapted_instance182_m=2_n=8_l=20_c=15_s=1_2.txt,0.031676,36,35
adapted_instance182_m=2_n=8_l=20_c=15_s=1_3.txt,0.025081,36,35
adapted_instance182_m=2_n=8_l=20_c=15_s=1_4.txt,0.004876,36,35
adapted_instance182_m=2_n=8_l=20_c=15_s=1_5.txt,0.002726,36,35
adapted_instance182_m=2_n=8_l=20_c=15_s=1_6.txt,0.007822,36,35
adapted_instance182_m=2_n=8_l=20_c=15_s=1_7.txt,0.02997,36,35
adapted_instance182_m=2_n=8_l=20_c=15_s=1_8.txt,0.017746,36,35
adapted_instance182_m=2_n=8_l=20_c=15_s=1_9.txt,0.076331,36,35
adapted_instance182_m=2_n=8_l=20_c=15_s=1_10.txt,0.002486,36,35
adapted_instance184_m=2_n=8_l=20_c=15_s=0_1.txt,0.004023,50,49
adapted_instance184_m=2_n=8_l=20_c=15_s=0_2.txt,0.081717,52,49
adapted_instance184_m=2_n=8_l=20_c=15_s=0_3.txt,0.016428,53,49
adapted_instance184_m=2_n=8_l=20_c=15_s=0_4.txt,0.535614,49,49
adapted_instance184_m=2_n=8_l=20_c=15_s=0_5.txt,0.006655,49,49
adapted_instance184_m=2_n=8_l=20_c=15_s=0_6.txt,0.042485,50,49
adapted_instance184_m=2_n=8_l=20_c=15_s=0_7.txt,0.002628,52,49
adapted_instance184_m=2_n=8_l=20_c=15_s=0_8.txt,0.121084,50,49
adapted_instance184_m=2_n=8_l=20_c=15_s=0_9.txt,0.002762,53,49
adapted_instance184_m=2_n=8_l=20_c=15_s=0_10.txt,0.051696,50,49
adapted_instance186_m=2_n=8_l=20_c=15_s=2_1.txt,0.002338,46,45
adapted_instance186_m=2_n=8_l=20_c=15_s=2_2.txt,0.003115,47,44
adapted_instance186_m=2_n=8_l=20_c=15_s=2_3.txt,0.026869,49,43
adapted_instance186_m=2_n=8_l=20_c=15_s=2_4.txt,0.116775,46,44
adapted_instance186_m=2_n=8_l=20_c=15_s=2_5.txt,0.002262,49,44
adapted_instance186_m=2_n=8_l=20_c=15_s=2_6.txt,0.122824,48,43
adapted_instance186_m=2_n=8_l=20_c=15_s=2_7.txt,0.002308,47,44
adapted_instance186_m=2_n=8_l=20_c=15_s=2_8.txt,0.072283,46,44
adapted_instance186_m=2_n=8_l=20_c=15_s=2_9.txt,0.002461,47,44
adapted_instance186_m=2_n=8_l=20_c=15_s=2_10.txt,0.038603,46,46
adapted_instance188_m=2_n=8_l=20_c=15_s=1_1.txt,0.030418,36,34
adapted_instance188_m=2_n=8_l=20_c=15_s=1_2.txt,0.026424,34,34
adapted_instance188_m=2_n=8_l=20_c=15_s=1_3.txt,0.005392,36,34
adapted_instance188_m=2_n=8_l=20_c=15_s=1_4.txt,0.003511,35,34
adapted_instance188_m=2_n=8_l=20_c=15_s=1_5.txt,0.040026,36,34
adapted_instance188_m=2_n=8_l=20_c=15_s=1_6.txt,0.008369,35,34
adapted_instance188_m=2_n=8_l=20_c=15_s=1_7.txt,0.078139,36,34
adapted_instance188_m=2_n=8_l=20_c=15_s=1_8.txt,0.030673,36,34
adapted_instance188_m=2_n=8_l=20_c=15_s=1_9.txt,0.002395,35,34
adapted_instance188_m=2_n=8_l=20_c=15_s=1_10.txt,0.053512,36,34
adapted_instance18_m=2_n=8_l=15_c=5_s=2_1.txt,0.035553,27,25
adapted_instance18_m=2_n=8_l=15_c=5_s=2_2.txt,0.003781,27,26
adapted_instance18_m=2_n=8_l=15_c=5_s=2_3.txt,0.006197,28,25
adapted_instance18_m=2_n=8_l=15_c=5_s=2_4.txt,0.007956,28,26
adapted_instance18_m=2_n=8_l=15_c=5_s=2_5.txt,0.002121,28,24
adapted_instance18_m=2_n=8_l=15_c=5_s=2_6.txt,0.004207,28,25
adapted_instance18_m=2_n=8_l=15_c=5_s=2_7.txt,0.051497,31,24
adapted_instance18_m=2_n=8_l=15_c=5_s=2_8.txt,0.026413,27,24
adapted_instance18_m=2_n=8_l=15_c=5_s=2_9.txt,0.002283,30,25
adapted_instance18_m=2_n=8_l=15_c=5_s=2_10.txt,0.079279,27,25
adapted_instance190_m=2_n=8_l=20_c=15_s=0_1.txt,0.014797,39,37
adapted_instance190_m=2_n=8_l=20_c=15_s=0_2.txt,0.024865,38,37
adapted_instance190_m=2_n=8_l=20_c=15_s=0_3.txt,0.016239,40,37
adapted_instance190_m=2_n=8_l=20_c=15_s=0_4.txt,0.053587,39,37
adapted_instance190_m=2_n=8_l=20_c=15_s=0_5.txt,0.020838,39,37
adapted_instance190_m=2_n=8_l=20_c=15_s=0_6.txt,0.073355,40,37
adapted_instance190_m=2_n=8_l=20_c=15_s=0_7.txt,0.00774,39,37
adapted_instance190_m=2_n=8_l=20_c=15_s=0_8.txt,0.007174,39,37
adapted_instance190_m=2_n=8_l=20_c=15_s=0_9.txt,0.002763,39,37
adapted_instance190_m=2_n=8_l=20_c=15_s=0_10.txt,0.005758,38,37
adapted_instance192_m=2_n=8_l=20_c=15_s=2_1.txt,0.004002,34,33
adapted_instance192_m=2_n=8_l=20_c=15_s=2_2.txt,0.01037,33,33
adapted_instance192_m=2_n=8_l=20_c=15_s=2_3.txt,0.003434,35,33
adapted_instance192_m=2_n=8_l=20_c=15_s=2_4.txt,0.002629,34,33
adapted_instance192_m=2_n=8_l=20_c=15_s=2_5.txt,0.00376,35,33
adapted_instance192_m=2_n=8_l=20_c=15_s=2_6.txt,0.004464,34,33
adapted_instance192_m=2_n=8_l=20_c=15_s=2_7.txt,0.025051,34,33
adapted_instance192_m=2_n=8_l=20_c=15_s=2_8.txt,0.008092,35,33
adapted_instance192_m=2_n=8_l=20_c=15_s=2_9.txt,0.002874,34,33
adapted_instance192_m=2_n=8_l=20_c=15_s=2_10.txt,0.016546,36,33
adapted_instance194_m=2_n=8_l=20_c=15_s=1_1.txt,0.011674,32,32
adapted_instance194_m=2_n=8_l=20_c=15_s=1_2.txt,0.062699,32,32
adapted_instance194_m=2_n=8_l=20_c=15_s=1_3.txt,0.018566,32,32
adapted_instance194_m=2_n=8_l=20_c=15_s=1_4.txt,0.023468,32,32
adapted_instance194_m=2_n=8_l=20_c=15_s=1_5.txt,0.026823,32,32
adapted_instance194_m=2_n=8_l=20_c=15_s=1_6.txt,0.006835,33,32
adapted_instance194_m=2_n=8_l=20_c=15_s=1_7.txt,0.023504,32,32
adapted_instance194_m=2_n=8_l=20_c=15_s=1_8.txt,0.002356,33,32
adapted_instance194_m=2_n=8_l=20_c=15_s=1_9.txt,0.01738,32,32
adapted_instance194_m=2_n=8_l=20_c=15_s=1_10.txt,0.021879,32,32
adapted_instance196_m=2_n=8_l=20_c=15_s=0_1.txt,0.001304,39,39
adapted_instance196_m=2_n=8_l=20_c=15_s=0_2.txt,0.039904,41,38
adapted_instance196_m=2_n=8_l=20_c=15_s=0_3.txt,0.006904,39,38
adapted_instance196_m=2_n=8_l=20_c=15_s=0_4.txt,0.06696,43,38
adapted_instance196_m=2_n=8_l=20_c=15_s=0_5.txt,0.024091,40,38
adapted_instance196_m=2_n=8_l=20_c=15_s=0_6.txt,0.02236,39,38
adapted_instance196_m=2_n=8_l=20_c=15_s=0_7.txt,0.011305,40,38
adapted_instance196_m=2_n=8_l=20_c=15_s=0_8.txt,0.059258,39,38
adapted_instance196_m=2_n=8_l=20_c=15_s=0_9.txt,0.031005,41,39
adapted_instance196_m=2_n=8_l=20_c=15_s=0_10.txt,0.013375,39,38
adapted_instance198_m=2_n=8_l=20_c=15_s=2_1.txt,0.023755,43,39
adapted_instance198_m=2_n=8_l=20_c=15_s=2_2.txt,0.011817,43,39
adapted_instance198_m=2_n=8_l=20_c=15_s=2_3.txt,0.022881,42,39
adapted_instance198_m=2_n=8_l=20_c=15_s=2_4.txt,0.014899,43,39
adapted_instance198_m=2_n=8_l=20_c=15_s=2_5.txt,0.018661,44,39
adapted_instance198_m=2_n=8_l=20_c=15_s=2_6.txt,0.081594,40,39
adapted_instance198_m=2_n=8_l=20_c=15_s=2_7.txt,0.00434,40,39
adapted_instance198_m=2_n=8_l=20_c=15_s=2_8.txt,0.078843,41,39
adapted_instance198_m=2_n=8_l=20_c=15_s=2_9.txt,0.004763,40,39
adapted_instance198_m=2_n=8_l=20_c=15_s=2_10.txt,0.001616,39,39
adapted_instance200_m=2_n=8_l=20_c=15_s=1_1.txt,0.001594,45,45
adapted_instance200_m=2_n=8_l=20_c=15_s=1_2.txt,0.007579,46,44
adapted_instance200_m=2_n=8_l=20_c=15_s=1_3.txt,0.03329,45,45
adapted_instance200_m=2_n=8_l=20_c=15_s=1_4.txt,0.01535,48,44
adapted_instance200_m=2_n=8_l=20_c=15_s=1_5.txt,0.003343,47,44
adapted_instance200_m=2_n=8_l=20_c=15_s=1_6.txt,0.002347,45,44
adapted_instance200_m=2_n=8_l=20_c=15_s=1_7.txt,0.07635,45,45
adapted_instance200_m=2_n=8_l=20_c=15_s=1_8.txt,0.003513,48,45
adapted_instance200_m=2_n=8_l=20_c=15_s=1_9.txt,0.071235,46,44
adapted_instance200_m=2_n=8_l=20_c=15_s=1_10.txt,0.008949,46,45
adapted_instance202_m=2_n=8_l=20_c=15_s=0_1.txt,0.00825,44,42
adapted_instance202_m=2_n=8_l=20_c=15_s=0_2.txt,0.091001,44,42
adapted_instance202_m=2_n=8_l=20_c=15_s=0_3.txt,0.007202,45,42
adapted_instance202_m=2_n=8_l=20_c=15_s=0_4.txt,0.078201,46,42
adapted_instance202_m=2_n=8_l=20_c=15_s=0_5.txt,0.00351,47,42
adapted_instance202_m=2_n=8_l=20_c=15_s=0_6.txt,0.020547,45,42
adapted_instance202_m=2_n=8_l=20_c=15_s=0_7.txt,0.007832,46,43
adapted_instance202_m=2_n=8_l=20_c=15_s=0_8.txt,0.015781,42,42
adapted_instance202_m=2_n=8_l=20_c=15_s=0_9.txt,0.051407,47,42
adapted_instance202_m=2_n=8_l=20_c=15_s=0_10.txt,0.01316,45,42
adapted_instance204_m=2_n=8_l=20_c=15_s=2_1.txt,0.097488,41,41
adapted_instance204_m=2_n=8_l=20_c=15_s=2_2.txt,0.035618,41,41
adapted_instance204_m=2_n=8_l=20_c=15_s=2_3.txt,0.004932,42,41
adapted_instance204_m=2_n=8_l=20_c=15_s=2_4.txt,0.025964,42,41
adapted_instance204_m=2_n=8_l=20_c=15_s=2_5.txt,0.003937,42,41
adapted_instance204_m=2_n=8_l=20_c=15_s=2_6.txt,0.003824,42,41
adapted_instance204_m=2_n=8_l=20_c=15_s=2_7.txt,0.034526,42,41
adapted_instance204_m=2_n=8_l=20_c=15_s=2_8.txt,0.012235,42,41
adapted_instance204_m=2_n=8_l=20_c=15_s=2_9.txt,0.001334,41,41
adapted_instance204_m=2_n=8_l=20_c=15_s=2_10.txt,0.020162,42,41
adapted_instance206_m=2_n=8_l=20_c=15_s=1_1.txt,0.004271,41,39
adapted_instance206_m=2_n=8_l=20_c=15_s=1_2.txt,0.002592,41,39
adapted_instance206_m=2_n=8_l=20_c=15_s=1_3.txt,0.021499,40,39
adapted_instance206_m=2_n=8_l=20_c=15_s=1_4.txt,0.002786,41,39
adapted_instance206_m=2_n=8_l=20_c=15_s=1_5.txt,0.013415,41,39
adapted_instance206_m=2_n=8_l=20_c=15_s=1_6.txt,0.00507,42,40
adapted_instance206_m=2_n=8_l=20_c=15_s=1_7.txt,0.059037,41,39
adapted_instance206_m=2_n=8_l=20_c=15_s=1_8.txt,0.03038,42,40
adapted_instance206_m=2_n=8_l=20_c=15_s=1_9.txt,0.319833,43,39
adapted_instance206_m=2_n=8_l=20_c=15_s=1_10.txt,0.011385,40,39
adapted_instance208_m=2_n=8_l=20_c=15_s=0_1.txt,0.019927,36,34
adapted_instance208_m=2_n=8_l=20_c=15_s=0_2.txt,0.028036,37,34
adapted_instance208_m=2_n=8_l=20_c=15_s=0_3.txt,0.003276,36,34
adapted_instance208_m=2_n=8_l=20_c=15_s=0_4.txt,0.023751,36,34
adapted_instance208_m=2_n=8_l=20_c=15_s=0_5.txt,0.00141,34,34
adapted_instance208_m=2_n=8_l=20_c=15_s=0_6.txt,0.005671,37,34
adapted_instance208_m=2_n=8_l=20_c=15_s=0_7.txt,0.08993,36,34
adapted_instance208_m=2_n=8_l=20_c=15_s=0_8.txt,0.020481,36,34
adapted_instance208_m=2_n=8_l=20_c=15_s=0_9.txt,0.031644,34,34
adapted_instance208_m=2_n=8_l=20_c=15_s=0_10.txt,0.009079,35,34
adapted_instance20_m=2_n=8_l=15_c=5_s=1_1.txt,0.083843,30,28
adapted_instance20_m=2_n=8_l=15_c=5_s=1_2.txt,0.044839,30,29
adapted_instance20_m=2_n=8_l=15_c=5_s=1_3.txt,0.011631,31,28
adapted_instance20_m=2_n=8_l=15_c=5_s=1_4.txt,0.02119,30,29
adapted_instance20_m=2_n=8_l=15_c=5_s=1_5.txt,0.00207,32,29
adapted_instance20_m=2_n=8_l=15_c=5_s=1_6.txt,0.003087,30,28
adapted_instance20_m=2_n=8_l=15_c=5_s=1_7.txt,0.011215,30,28
adapted_instance20_m=2_n=8_l=15_c=5_s=1_8.txt,0.111119,29,28
adapted_instance20_m=2_n=8_l=15_c=5_s=1_9.txt,0.00206,30,29
adapted_instance20_m=2_n=8_l=15_c=5_s=1_10.txt,0.00194,31,28
adapted_instance210_m=2_n=8_l=20_c=15_s=2_1.txt,0.00267,34,32
adapted_instance210_m=2_n=8_l=20_c=15_s=2_2.txt,0.079043,36,31
adapted_instance210_m=2_n=8_l=20_c=15_s=2_3.txt,0.103879,34,31
adapted_instance210_m=2_n=8_l=20_c=15_s=2_4.txt,0.068285,34,31
adapted_instance210_m=2_n=8_l=20_c=15_s=2_5.txt,0.007613,35,32
adapted_instance210_m=2_n=8_l=20_c=15_s=2_6.txt,0.002191,32,31
adapted_instance210_m=2_n=8_l=20_c=15_s=2_7.txt,0.002312,32,32
adapted_instance210_m=2_n=8_l=20_c=15_s=2_8.txt,0.241959,34,32
adapted_instance210_m=2_n=8_l=20_c=15_s=2_9.txt,0.016149,35,32
adapted_instance210_m=2_n=8_l=20_c=15_s=2_10.txt,0.012386,34,32
adapted_instance212_m=2_n=8_l=20_c=15_s=1_1.txt,0.009247,65,61
adapted_instance212_m=2_n=8_l=20_c=15_s=1_2.txt,0.003919,69,60
adapted_instance212_m=2_n=8_l=20_c=15_s=1_3.txt,0.005666,69,62
adapted_instance212_m=2_n=8_l=20_c=15_s=1_4.txt,0.032314,66,59
adapted_instance212_m=2_n=8_l=20_c=15_s=1_5.txt,0.024804,64,59
adapted_instance212_m=2_n=8_l=20_c=15_s=1_6.txt,0.007737,66,60
adapted_instance212_m=2_n=8_l=20_c=15_s=1_7.txt,0.003967,61,60
adapted_instance212_m=2_n=8_l=20_c=15_s=1_8.txt,0.011666,67,61
adapted_instance212_m=2_n=8_l=20_c=15_s=1_9.txt,0.004444,70,60
adapted_instance212_m=2_n=8_l=20_c=15_s=1_10.txt,0.004506,66,61
adapted_instance214_m=2_n=8_l=20_c=15_s=0_1.txt,0.024109,60,51
adapted_instance214_m=2_n=8_l=20_c=15_s=0_2.txt,0.133146,57,50
adapted_instance214_m=2_n=8_l=20_c=15_s=0_3.txt,0.074618,54,52
adapted_instance214_m=2_n=8_l=20_c=15_s=0_4.txt,0.014184,58,52
adapted_instance214_m=2_n=8_l=20_c=15_s=0_5.txt,0.072964,60,52
adapted_instance214_m=2_n=8_l=20_c=15_s=0_6.txt,0.023028,58,52
adapted_instance214_m=2_n=8_l=20_c=15_s=0_7.txt,0.003093,57,49
adapted_instance214_m=2_n=8_l=20_c=15_s=0_8.txt,0.013483,60,49
adapted_instance214_m=2_n=8_l=20_c=15_s=0_9.txt,0.01428,57,51
adapted_instance214_m=2_n=8_l=20_c=15_s=0_10.txt,0.010004,60,52
adapted_instance216_m=2_n=8_l=20_c=15_s=2_1.txt,0.012774,59,51
adapted_instance216_m=2_n=8_l=20_c=15_s=2_2.txt,0.014068,57,47
adapted_instance216_m=2_n=8_l=20_c=15_s=2_3.txt,0.003437,57,50
adapted_instance216_m=2_n=8_l=20_c=15_s=2_4.txt,0.212508,56,52
adapted_instance216_m=2_n=8_l=20_c=15_s=2_5.txt,0.012096,61,48
adapted_instance216_m=2_n=8_l=20_c=15_s=2_6.txt,0.003142,60,49
adapted_instance216_m=2_n=8_l=20_c=15_s=2_7.txt,0.044363,57,50
adapted_instance216_m=2_n=8_l=20_c=15_s=2_8.txt,0.00875,52,49
adapted_instance216_m=2_n=8_l=20_c=15_s=2_9.txt,0.016849,61,47
adapted_instance216_m=2_n=8_l=20_c=15_s=2_10.txt,0.006134,60,48
adapted_instance218_m=2_n=8_l=20_c=15_s=1_1.txt,0.031463,64,54
adapted_instance218_m=2_n=8_l=20_c=15_s=1_2.txt,0.057834,57,53
adapted_instance218_m=2_n=8_l=20_c=15_s=1_3.txt,0.020632,59,53
adapted_instance218_m=2_n=8_l=20_c=15_s=1_4.txt,0.021474,62,55
adapted_instance218_m=2_n=8_l=20_c=15_s=1_5.txt,0.024928,58,54
adapted_instance218_m=2_n=8_l=20_c=15_s=1_6.txt,0.023846,61,55
adapted_instance218_m=2_n=8_l=20_c=15_s=1_7.txt,0.003641,61,55
adapted_instance218_m=2_n=8_l=20_c=15_s=1_8.txt,0.065551,62,57
adapted_instance218_m=2_n=8_l=20_c=15_s=1_9.txt,0.032487,60,55
adapted_instance218_m=2_n=8_l=20_c=15_s=1_10.txt,0.011762,58,54
adapted_instance220_m=2_n=8_l=20_c=15_s=0_1.txt,0.035822,59,49
adapted_instance220_m=2_n=8_l=20_c=15_s=0_2.txt,0.049348,56,49
adapted_instance220_m=2_n=8_l=20_c=15_s=0_3.txt,0.037737,60,50
adapted_instance220_m=2_n=8_l=20_c=15_s=0_4.txt,0.106866,55,48
adapted_instance220_m=2_n=8_l=20_c=15_s=0_5.txt,0.086993,53,50
adapted_instance220_m=2_n=8_l=20_c=15_s=0_6.txt,0.02469,55,49
adapted_instance220_m=2_n=8_l=20_c=15_s=0_7.txt,0.004742,56,49
adapted_instance220_m=2_n=8_l=20_c=15_s=0_8.txt,0.044192,56,51
adapted_instance220_m=2_n=8_l=20_c=15_s=0_9.txt,0.005899,54,48
adapted_instance220_m=2_n=8_l=20_c=15_s=0_10.txt,0.023425,52,49
adapted_instance222_m=2_n=8_l=20_c=15_s=2_1.txt,0.005192,53,46
adapted_instance222_m=2_n=8_l=20_c=15_s=2_2.txt,0.021141,54,49
adapted_instance222_m=2_n=8_l=20_c=15_s=2_3.txt,0.005143,52,48
adapted_instance222_m=2_n=8_l=20_c=15_s=2_4.txt,0.033631,55,46
adapted_instance222_m=2_n=8_l=20_c=15_s=2_5.txt,0.003997,58,46
adapted_instance222_m=2_n=8_l=20_c=15_s=2_6.txt,0.021948,54,47
adapted_instance222_m=2_n=8_l=20_c=15_s=2_7.txt,0.017092,56,49
adapted_instance222_m=2_n=8_l=20_c=15_s=2_8.txt,0.003079,54,47
adapted_instance222_m=2_n=8_l=20_c=15_s=2_9.txt,0.072,53,46
adapted_instance222_m=2_n=8_l=20_c=15_s=2_10.txt,0.007166,52,47
adapted_instance224_m=2_n=8_l=20_c=15_s=1_1.txt,0.081273,68,58
adapted_instance224_m=2_n=8_l=20_c=15_s=1_2.txt,0.056284,64,60
adapted_instance224_m=2_n=8_l=20_c=15_s=1_3.txt,0.004091,63,60
adapted_instance224_m=2_n=8_l=20_c=15_s=1_4.txt,0.008935,63,60
adapted_instance224_m=2_n=8_l=20_c=15_s=1_5.txt,0.017511,66,58
adapted_instance224_m=2_n=8_l=20_c=15_s=1_6.txt,0.05424,69,58
adapted_instance224_m=2_n=8_l=20_c=15_s=1_7.txt,0.00411,67,59
adapted_instance224_m=2_n=8_l=20_c=15_s=1_8.txt,0.005133,65,61
adapted_instance224_m=2_n=8_l=20_c=15_s=1_9.txt,0.337126,61,59
adapted_instance224_m=2_n=8_l=20_c=15_s=1_10.txt,0.176909,63,58
adapted_instance226_m=2_n=8_l=20_c=15_s=0_1.txt,0.005686,60,53
adapted_instance226_m=2_n=8_l=20_c=15_s=0_2.txt,0.006945,59,53
adapted_instance226_m=2_n=8_l=20_c=15_s=0_3.txt,0.013927,60,54
adapted_instance226_m=2_n=8_l=20_c=15_s=0_4.txt,0.110619,61,54
adapted_instance226_m=2_n=8_l=20_c=15_s=0_5.txt,0.006134,64,53
adapted_instance226_m=2_n=8_l=20_c=15_s=0_6.txt,0.139619,62,55
adapted_instance226_m=2_n=8_l=20_c=15_s=0_7.txt,0.007078,58,54
adapted_instance226_m=2_n=8_l=20_c=15_s=0_8.txt,0.02366,59,54
adapted_instance226_m=2_n=8_l=20_c=15_s=0_9.txt,0.014945,59,54
adapted_instance226_m=2_n=8_l=20_c=15_s=0_10.txt,0.024928,58,53
adapted_instance228_m=2_n=8_l=20_c=15_s=2_1.txt,0.003478,61,58
adapted_instance228_m=2_n=8_l=20_c=15_s=2_2.txt,0.003661,66,58
adapted_instance228_m=2_n=8_l=20_c=15_s=2_3.txt,0.025289,65,60
adapted_instance228_m=2_n=8_l=20_c=15_s=2_4.txt,0.004934,65,58
adapted_instance228_m=2_n=8_l=20_c=15_s=2_5.txt,0.072264,65,57
adapted_instance228_m=2_n=8_l=20_c=15_s=2_6.txt,0.018136,62,59
adapted_instance228_m=2_n=8_l=20_c=15_s=2_7.txt,0.101971,63,59
adapted_instance228_m=2_n=8_l=20_c=15_s=2_8.txt,0.046539,68,58
adapted_instance228_m=2_n=8_l=20_c=15_s=2_9.txt,0.005878,68,57
adapted_instance228_m=2_n=8_l=20_c=15_s=2_10.txt,0.00356,60,57
adapted_instance22_m=2_n=8_l=15_c=5_s=0_1.txt,0.004632,28,23
adapted_instance22_m=2_n=8_l=15_c=5_s=0_2.txt,0.002612,26,24
adapted_instance22_m=2_n=8_l=15_c=5_s=0_3.txt,0.023325,25,24
adapted_instance22_m=2_n=8_l=15_c=5_s=0_4.txt,0.006404,27,24
adapted_instance22_m=2_n=8_l=15_c=5_s=0_5.txt,0.104573,30,24
adapted_instance22_m=2_n=8_l=15_c=5_s=0_6.txt,0.009609,28,25
adapted_instance22_m=2_n=8_l=15_c=5_s=0_7.txt,0.04393,28,24
adapted_instance22_m=2_n=8_l=15_c=5_s=0_8.txt,0.069635,29,23
adapted_instance22_m=2_n=8_l=15_c=5_s=0_9.txt,0.138638,28,24
adapted_instance22_m=2_n=8_l=15_c=5_s=0_10.txt,0.01973,28,23
adapted_instance230_m=2_n=8_l=20_c=15_s=1_1.txt,0.035193,69,63
adapted_instance230_m=2_n=8_l=20_c=15_s=1_2.txt,0.0907,72,64
adapted_instance230_m=2_n=8_l=20_c=15_s=1_3.txt,0.137318,66,65
adapted_instance230_m=2_n=8_l=20_c=15_s=1_4.txt,0.073568,70,65
adapted_instance230_m=2_n=8_l=20_c=15_s=1_5.txt,0.045657,69,64
adapted_instance230_m=2_n=8_l=20_c=15_s=1_6.txt,0.036379,69,64
adapted_instance230_m=2_n=8_l=20_c=15_s=1_7.txt,0.018165,69,66
adapted_instance230_m=2_n=8_l=20_c=15_s=1_8.txt,0.012621,65,65
adapted_instance230_m=2_n=8_l=20_c=15_s=1_9.txt,0.076438,71,65
adapted_instance230_m=2_n=8_l=20_c=15_s=1_10.txt,0.110953,72,65
adapted_instance232_m=2_n=8_l=20_c=15_s=0_1.txt,0.033865,66,61
adapted_instance232_m=2_n=8_l=20_c=15_s=0_2.txt,0.010607,66,59
adapted_instance232_m=2_n=8_l=20_c=15_s=0_3.txt,0.014348,67,60
adapted_instance232_m=2_n=8_l=20_c=15_s=0_4.txt,0.030808,65,62
adapted_instance232_m=2_n=8_l=20_c=15_s=0_5.txt,0.06833,64,63
adapted_instance232_m=2_n=8_l=20_c=15_s=0_6.txt,0.055814,69,60
adapted_instance232_m=2_n=8_l=20_c=15_s=0_7.txt,0.285968,64,59
adapted_instance232_m=2_n=8_l=20_c=15_s=0_8.txt,0.121007,63,62
adapted_instance232_m=2_n=8_l=20_c=15_s=0_9.txt,0.009193,64,60
adapted_instance232_m=2_n=8_l=20_c=15_s=0_10.txt,0.030109,64,59
adapted_instance234_m=2_n=8_l=20_c=15_s=2_1.txt,0.081353,65,59
adapted_instance234_m=2_n=8_l=20_c=15_s=2_2.txt,0.005049,70,60
adapted_instance234_m=2_n=8_l=20_c=15_s=2_3.txt,0.026866,66,59
adapted_instance234_m=2_n=8_l=20_c=15_s=2_4.txt,0.087706,68,63
adapted_instance234_m=2_n=8_l=20_c=15_s=2_5.txt,0.052619,65,60
adapted_instance234_m=2_n=8_l=20_c=15_s=2_6.txt,0.004948,69,60
adapted_instance234_m=2_n=8_l=20_c=15_s=2_7.txt,0.003572,65,61
adapted_instance234_m=2_n=8_l=20_c=15_s=2_8.txt,0.033871,65,60
adapted_instance234_m=2_n=8_l=20_c=15_s=2_9.txt,0.027102,68,59
adapted_instance234_m=2_n=8_l=20_c=15_s=2_10.txt,0.003129,64,59
adapted_instance236_m=2_n=8_l=20_c=15_s=1_1.txt,0.056656,57,53
adapted_instance236_m=2_n=8_l=20_c=15_s=1_2.txt,0.003112,60,51
adapted_instance236_m=2_n=8_l=20_c=15_s=1_3.txt,0.058441,57,51
adapted_instance236_m=2_n=8_l=20_c=15_s=1_4.txt,0.011749,59,50
adapted_instance236_m=2_n=8_l=20_c=15_s=1_5.txt,0.010434,58,51
adapted_instance236_m=2_n=8_l=20_c=15_s=1_6.txt,0.027355,55,48
adapted_instance236_m=2_n=8_l=20_c=15_s=1_7.txt,0.026976,55,49
adapted_instance236_m=2_n=8_l=20_c=15_s=1_8.txt,0.013861,56,49
adapted_instance236_m=2_n=8_l=20_c=15_s=1_9.txt,0.010044,56,50
adapted_instance236_m=2_n=8_l=20_c=15_s=1_10.txt,0.020358,50,49
adapted_instance238_m=2_n=8_l=20_c=15_s=0_1.txt,0.107754,69,61
adapted_instance238_m=2_n=8_l=20_c=15_s=0_2.txt,0.016225,68,58
adapted_instance238_m=2_n=8_l=20_c=15_s=0_3.txt,0.028307,69,60
adapted_instance238_m=2_n=8_l=20_c=15_s=0_4.txt,0.00519,66,60
adapted_instance238_m=2_n=8_l=20_c=15_s=0_5.txt,0.018284,64,61
adapted_instance238_m=2_n=8_l=20_c=15_s=0_6.txt,0.004698,66,58
adapted_instance238_m=2_n=8_l=20_c=15_s=0_7.txt,0.008849,64,60
adapted_instance238_m=2_n=8_l=20_c=15_s=0_8.txt,0.005952,72,60
adapted_instance238_m=2_n=8_l=20_c=15_s=0_9.txt,0.028236,62,61
adapted_instance238_m=2_n=8_l=20_c=15_s=0_10.txt,0.004219,71,60
adapted_instance240_m=2_n=8_l=20_c=15_s=2_1.txt,0.116541,71,61
adapted_instance240_m=2_n=8_l=20_c=15_s=2_2.txt,0.004598,64,60
adapted_instance240_m=2_n=8_l=20_c=15_s=2_3.txt,0.00468,69,59
adapted_instance240_m=2_n=8_l=20_c=15_s=2_4.txt,0.003194,65,62
adapted_instance240_m=2_n=8_l=20_c=15_s=2_5.txt,0.011848,65,59
adapted_instance240_m=2_n=8_l=20_c=15_s=2_6.txt,0.084024,65,59
adapted_instance240_m=2_n=8_l=20_c=15_s=2_7.txt,0.333666,69,61
adapted_instance240_m=2_n=8_l=20_c=15_s=2_8.txt,0.023399,69,59
adapted_instance240_m=2_n=8_l=20_c=15_s=2_9.txt,0.31166,64,59
adapted_instance240_m=2_n=8_l=20_c=15_s=2_10.txt,0.010579,66,61
adapted_instance24_m=2_n=8_l=15_c=5_s=2_1.txt,0.051547,29,26
adapted_instance24_m=2_n=8_l=15_c=5_s=2_2.txt,0.029267,27,26
adapted_instance24_m=2_n=8_l=15_c=5_s=2_3.txt,0.120445,27,25
adapted_instance24_m=2_n=8_l=15_c=5_s=2_4.txt,0.016213,29,25
adapted_instance24_m=2_n=8_l=15_c=5_s=2_5.txt,0.034621,28,26
adapted_instance24_m=2_n=8_l=15_c=5_s=2_6.txt,0.00555,26,26
adapted_instance24_m=2_n=8_l=15_c=5_s=2_7.txt,0.002854,30,26
adapted_instance24_m=2_n=8_l=15_c=5_s=2_8.txt,0.002207,27,25
adapted_instance24_m=2_n=8_l=15_c=5_s=2_9.txt,0.019247,29,26
adapted_instance24_m=2_n=8_l=15_c=5_s=2_10.txt,0.082698,30,26
adapted_instance26_m=2_n=8_l=15_c=5_s=1_1.txt,0.002024,25,21
adapted_instance26_m=2_n=8_l=15_c=5_s=1_2.txt,0.007534,25,21
adapted_instance26_m=2_n=8_l=15_c=5_s=1_3.txt,0.439739,27,21
adapted_instance26_m=2_n=8_l=15_c=5_s=1_4.txt,0.030686,28,22
adapted_instance26_m=2_n=8_l=15_c=5_s=1_5.txt,0.042963,29,23
adapted_instance26_m=2_n=8_l=15_c=5_s=1_6.txt,0.025545,24,21
adapted_instance26_m=2_n=8_l=15_c=5_s=1_7.txt,0.010694,29,21
adapted_instance26_m=2_n=8_l=15_c=5_s=1_8.txt,0.003344,27,21
adapted_instance26_m=2_n=8_l=15_c=5_s=1_9.txt,0.003725,25,20
adapted_instance26_m=2_n=8_l=15_c=5_s=1_10.txt,0.036732,26,21
adapted_instance28_m=2_n=8_l=15_c=5_s=0_1.txt,0.068667,29,26
adapted_instance28_m=2_n=8_l=15_c=5_s=0_2.txt,0.095384,28,24
adapted_instance28_m=2_n=8_l=15_c=5_s=0_3.txt,0.027369,28,24
adapted_instance28_m=2_n=8_l=15_c=5_s=0_4.txt,0.001938,26,24
adapted_instance28_m=2_n=8_l=15_c=5_s=0_5.txt,0.024463,29,24
adapted_instance28_m=2_n=8_l=15_c=5_s=0_6.txt,0.002505,27,25
adapted_instance28_m=2_n=8_l=15_c=5_s=0_7.txt,0.002195,28,25
adapted_instance28_m=2_n=8_l=15_c=5_s=0_8.txt,0.057849,27,25
adapted_instance28_m=2_n=8_l=15_c=5_s=0_9.txt,0.32687,26,25
adapted_instance28_m=2_n=8_l=15_c=5_s=0_10.txt,0.015912,28,25
adapted_instance2_m=2_n=8_l=15_c=5_s=1_1.txt,0.011872,26,24
adapted_instance2_m=2_n=8_l=15_c=5_s=1_2.txt,0.066211,29,25
adapted_instance2_m=2_n=8_l=15_c=5_s=1_3.txt,0.053588,31,24
adapted_instance2_m=2_n=8_l=15_c=5_s=1_4.txt,0.100319,27,24
adapted_instance2_m=2_n=8_l=15_c=5_s=1_5.txt,0.021136,29,24
adapted_instance2_m=2_n=8_l=15_c=5_s=1_6.txt,0.006358,26,24
adapted_instance2_m=2_n=8_l=15_c=5_s=1_7.txt,0.006721,28,24
adapted_instance2_m=2_n=8_l=15_c=5_s=1_8.txt,0.010258,28,24
adapted_instance2_m=2_n=8_l=15_c=5_s=1_9.txt,0.002199,28,25
adapted_instance2_m=2_n=8_l=15_c=5_s=1_10.txt,0.102799,28,26
adapted_instance30_m=2_n=8_l=15_c=5_s=2_1.txt,0.005764,28,26
adapted_instance30_m=2_n=8_l=15_c=5_s=2_2.txt,0.00203,28,25
adapted_instance30_m=2_n=8_l=15_c=5_s=2_3.txt,0.002643,29,25
adapted_instance30_m=2_n=8_l=15_c=5_s=2_4.txt,0.005873,29,26
adapted_instance30_m=2_n=8_l=15_c=5_s=2_5.txt,0.002221,30,25
adapted_instance30_m=2_n=8_l=15_c=5_s=2_6.txt,0.020506,27,26
adapted_instance30_m=2_n=8_l=15_c=5_s=2_7.txt,0.003927,29,25
adapted_instance30_m=2_n=8_l=15_c=5_s=2_8.txt,0.072128,29,25
adapted_instance30_m=2_n=8_l=15_c=5_s=2_9.txt,0.00849,29,25
adapted_instance30_m=2_n=8_l=15_c=5_s=2_10.txt,0.012144,30,25
adapted_instance32_m=2_n=8_l=15_c=10_s=1_1.txt,0.067382,19,19
adapted_instance32_m=2_n=8_l=15_c=10_s=1_2.txt,0.014601,19,19
adapted_instance32_m=2_n=8_l=15_c=10_s=1_3.txt,0.134197,20,19
adapted_instance32_m=2_n=8_l=15_c=10_s=1_4.txt,0.001085,19,19
adapted_instance32_m=2_n=8_l=15_c=10_s=1_5.txt,0.007583,19,19
adapted_instance32_m=2_n=8_l=15_c=10_s=1_6.txt,0.000979,19,19
adapted_instance32_m=2_n=8_l=15_c=10_s=1_7.txt,0.004811,19,19
adapted_instance32_m=2_n=8_l=15_c=10_s=1_8.txt,0.001167,19,19
adapted_instance32_m=2_n=8_l=15_c=10_s=1_9.txt,0.001632,20,19
adapted_instance32_m=2_n=8_l=15_c=10_s=1_10.txt,0.023239,19,19
adapted_instance34_m=2_n=8_l=15_c=10_s=0_1.txt,0.002867,21,21
adapted_instance34_m=2_n=8_l=15_c=10_s=0_2.txt,0.095984,21,21
adapted_instance34_m=2_n=8_l=15_c=10_s=0_3.txt,0.002199,22,21
adapted_instance34_m=2_n=8_l=15_c=10_s=0_4.txt,0.086481,21,21
adapted_instance34_m=2_n=8_l=15_c=10_s=0_5.txt,0.0025,21,21
adapted_instance34_m=2_n=8_l=15_c=10_s=0_6.txt,0.00125,21,21
adapted_instance34_m=2_n=8_l=15_c=10_s=0_7.txt,0.011596,22,21
adapted_instance34_m=2_n=8_l=15_c=10_s=0_8.txt,0.016963,21,21
adapted_instance34_m=2_n=8_l=15_c=10_s=0_9.txt,0.010812,21,21
adapted_instance34_m=2_n=8_l=15_c=10_s=0_10.txt,0.053599,21,21
adapted_instance36_m=2_n=8_l=15_c=10_s=2_1.txt,0.095691,21,20
adapted_instance36_m=2_n=8_l=15_c=10_s=2_2.txt,0.018982,20,20
adapted_instance36_m=2_n=8_l=15_c=10_s=2_3.txt,0.008011,20,20
adapted_instance36_m=2_n=8_l=15_c=10_s=2_4.txt,0.007017,20,20
adapted_instance36_m=2_n=8_l=15_c=10_s=2_5.txt,0.002687,20,20
adapted_instance36_m=2_n=8_l=15_c=10_s=2_6.txt,0.006729,20,20
adapted_instance36_m=2_n=8_l=15_c=10_s=2_7.txt,0.018654,21,20
adapted_instance36_m=2_n=8_l=15_c=10_s=2_8.txt,0.007972,20,20
adapted_instance36_m=2_n=8_l=15_c=10_s=2_9.txt,0.048252,20,20
adapted_instance36_m=2_n=8_l=15_c=10_s=2_10.txt,0.007408,20,20
adapted_instance38_m=2_n=8_l=15_c=10_s=1_1.txt,0.000972,22,22
adapted_instance38_m=2_n=8_l=15_c=10_s=1_2.txt,0.000968,22,22
adapted_instance38_m=2_n=8_l=15_c=10_s=1_3.txt,0.087731,22,22
adapted_instance38_m=2_n=8_l=15_c=10_s=1_4.txt,0.00319,22,22
adapted_instance38_m=2_n=8_l=15_c=10_s=1_5.txt,0.065387,22,22
adapted_instance38_m=2_n=8_l=15_c=10_s=1_6.txt,0.014232,22,22
adapted_instance38_m=2_n=8_l=15_c=10_s=1_7.txt,0.04098,22,22
adapted_instance38_m=2_n=8_l=15_c=10_s=1_8.txt,0.025932,22,22
adapted_instance38_m=2_n=8_l=15_c=10_s=1_9.txt,0.074031,22,22
adapted_instance38_m=2_n=8_l=15_c=10_s=1_10.txt,0.003095,23,22
adapted_instance40_m=2_n=8_l=15_c=10_s=0_1.txt,0.038974,21,21
adapted_instance40_m=2_n=8_l=15_c=10_s=0_2.txt,0.055578,22,21
adapted_instance40_m=2_n=8_l=15_c=10_s=0_3.txt,0.002888,21,21
adapted_instance40_m=2_n=8_l=15_c=10_s=0_4.txt,0.031396,22,21
adapted_instance40_m=2_n=8_l=15_c=10_s=0_5.txt,0.001169,21,21
adapted_instance40_m=2_n=8_l=15_c=10_s=0_6.txt,0.107358,21,21
adapted_instance40_m=2_n=8_l=15_c=10_s=0_7.txt,0.025458,21,21
adapted_instance40_m=2_n=8_l=15_c=10_s=0_8.txt,0.025949,21,21
adapted_instance40_m=2_n=8_l=15_c=10_s=0_9.txt,0.020712,22,21
adapted_instance40_m=2_n=8_l=15_c=10_s=0_10.txt,0.001625,22,21
adapted_instance42_m=2_n=8_l=15_c=10_s=2_1.txt,0.001115,21,21
adapted_instance42_m=2_n=8_l=15_c=10_s=2_2.txt,0.001134,21,21
adapted_instance42_m=2_n=8_l=15_c=10_s=2_3.txt,0.007466,22,21
adapted_instance42_m=2_n=8_l=15_c=10_s=2_4.txt,0.017122,21,21
adapted_instance42_m=2_n=8_l=15_c=10_s=2_5.txt,0.119435,21,21
adapted_instance42_m=2_n=8_l=15_c=10_s=2_6.txt,0.008048,22,21
adapted_instance42_m=2_n=8_l=15_c=10_s=2_7.txt,0.02677,22,21
adapted_instance42_m=2_n=8_l=15_c=10_s=2_8.txt,0.03047,22,21
adapted_instance42_m=2_n=8_l=15_c=10_s=2_9.txt,0.001788,22,21
adapted_instance42_m=2_n=8_l=15_c=10_s=2_10.txt,0.101035,22,21
adapted_instance44_m=2_n=8_l=15_c=10_s=1_1.txt,0.00105,17,17
adapted_instance44_m=2_n=8_l=15_c=10_s=1_2.txt,0.001015,17,17
adapted_instance44_m=2_n=8_l=15_c=10_s=1_3.txt,0.052386,17,17
adapted_instance44_m=2_n=8_l=15_c=10_s=1_4.txt,0.004572,17,17
adapted_instance44_m=2_n=8_l=15_c=10_s=1_5.txt,0.001983,17,17
adapted_instance44_m=2_n=8_l=15_c=10_s=1_6.txt,0.009899,17,17
adapted_instance44_m=2_n=8_l=15_c=10_s=1_7.txt,0.025179,17,17
adapted_instance44_m=2_n=8_l=15_c=10_s=1_8.txt,0.072396,17,17
adapted_instance44_m=2_n=8_l=15_c=10_s=1_9.txt,0.000956,17,17
adapted_instance44_m=2_n=8_l=15_c=10_s=1_10.txt,0.121908,17,17
adapted_instance46_m=2_n=8_l=15_c=10_s=0_1.txt,0.00172,20,19
adapted_instance46_m=2_n=8_l=15_c=10_s=0_2.txt,0.002106,20,19
adapted_instance46_m=2_n=8_l=15_c=10_s=0_3.txt,0.016054,20,19
adapted_instance46_m=2_n=8_l=15_c=10_s=0_4.txt,0.001595,20,19
adapted_instance46_m=2_n=8_l=15_c=10_s=0_5.txt,0.013645,19,19
adapted_instance46_m=2_n=8_l=15_c=10_s=0_6.txt,0.06005,19,19
adapted_instance46_m=2_n=8_l=15_c=10_s=0_7.txt,0.004863,19,19
adapted_instance46_m=2_n=8_l=15_c=10_s=0_8.txt,0.042476,20,19
adapted_instance46_m=2_n=8_l=15_c=10_s=0_9.txt,0.009832,20,19
adapted_instance46_m=2_n=8_l=15_c=10_s=0_10.txt,0.058346,20,19
adapted_instance48_m=2_n=8_l=15_c=10_s=2_1.txt,0.027432,21,21
adapted_instance48_m=2_n=8_l=15_c=10_s=2_2.txt,0.003126,21,21
adapted_instance48_m=2_n=8_l=15_c=10_s=2_3.txt,0.000944,21,21
adapted_instance48_m=2_n=8_l=15_c=10_s=2_4.txt,0.008469,21,21
adapted_instance48_m=2_n=8_l=15_c=10_s=2_5.txt,0.046564,21,21
adapted_instance48_m=2_n=8_l=15_c=10_s=2_6.txt,0.047494,22,21
adapted_instance48_m=2_n=8_l=15_c=10_s=2_7.txt,0.024061,21,21
adapted_instance48_m=2_n=8_l=15_c=10_s=2_8.txt,0.009565,21,21
adapted_instance48_m=2_n=8_l=15_c=10_s=2_9.txt,0.00096,21,21
adapted_instance48_m=2_n=8_l=15_c=10_s=2_10.txt,0.025173,21,21
adapted_instance4_m=2_n=8_l=15_c=5_s=0_1.txt,0.103195,28,23
adapted_instance4_m=2_n=8_l=15_c=5_s=0_2.txt,0.007298,24,24
adapted_instance4_m=2_n=8_l=15_c=5_s=0_3.txt,0.061351,28,23
adapted_instance4_m=2_n=8_l=15_c=5_s=0_4.txt,0.004256,27,24
adapted_instance4_m=2_n=8_l=15_c=5_s=0_5.txt,0.068452,26,23
adapted_instance4_m=2_n=8_l=15_c=5_s=0_6.txt,0.00309,26,24
adapted_instance4_m=2_n=8_l=15_c=5_s=0_7.txt,0.004007,28,24
adapted_instance4_m=2_n=8_l=15_c=5_s=0_8.txt,0.067282,24,23
adapted_instance4_m=2_n=8_l=15_c=5_s=0_9.txt,0.028018,28,23
adapted_instance4_m=2_n=8_l=15_c=5_s=0_10.txt,0.019886,26,24
adapted_instance50_m=2_n=8_l=15_c=10_s=1_1.txt,0.012278,20,20
adapted_instance50_m=2_n=8_l=15_c=10_s=1_2.txt,0.077269,21,20
adapted_instance50_m=2_n=8_l=15_c=10_s=1_3.txt,0.021792,20,20
adapted_instance50_m=2_n=8_l=15_c=10_s=1_4.txt,0.029831,20,20
adapted_instance50_m=2_n=8_l=15_c=10_s=1_5.txt,0.063493,20,20
adapted_instance50_m=2_n=8_l=15_c=10_s=1_6.txt,0.022482,22,20
adapted_instance50_m=2_n=8_l=15_c=10_s=1_7.txt,0.004803,21,20
adapted_instance50_m=2_n=8_l=15_c=10_s=1_8.txt,0.312925,20,20
adapted_instance50_m=2_n=8_l=15_c=10_s=1_9.txt,0.106834,22,20
adapted_instance50_m=2_n=8_l=15_c=10_s=1_10.txt,0.004782,21,20
adapted_instance52_m=2_n=8_l=15_c=10_s=0_1.txt,0.06297,20,20
adapted_instance52_m=2_n=8_l=15_c=10_s=0_2.txt,0.002495,21,20
adapted_instance52_m=2_n=8_l=15_c=10_s=0_3.txt,0.002638,21,20
adapted_instance52_m=2_n=8_l=15_c=10_s=0_4.txt,0.012275,20,20
adapted_instance52_m=2_n=8_l=15_c=10_s=0_5.txt,0.001827,22,20
adapted_instance52_m=2_n=8_l=15_c=10_s=0_6.txt,0.083577,20,20
adapted_instance52_m=2_n=8_l=15_c=10_s=0_7.txt,0.006913,21,20
adapted_instance52_m=2_n=8_l=15_c=10_s=0_8.txt,0.012087,21,20
adapted_instance52_m=2_n=8_l=15_c=10_s=0_9.txt,0.000948,20,20
adapted_instance52_m=2_n=8_l=15_c=10_s=0_10.txt,0.001058,20,20
adapted_instance54_m=2_n=8_l=15_c=10_s=2_1.txt,0.087849,21,21
adapted_instance54_m=2_n=8_l=15_c=10_s=2_2.txt,0.032109,21,21
adapted_instance54_m=2_n=8_l=15_c=10_s=2_3.txt,0.015346,21,21
adapted_instance54_m=2_n=8_l=15_c=10_s=2_4.txt,0.02232,21,21
adapted_instance54_m=2_n=8_l=15_c=10_s=2_5.txt,0.01916,21,21
adapted_instance54_m=2_n=8_l=15_c=10_s=2_6.txt,0.001743,21,21
adapted_instance54_m=2_n=8_l=15_c=10_s=2_7.txt,0.001083,21,21
adapted_instance54_m=2_n=8_l=15_c=10_s=2_8.txt,0.073662,21,21
adapted_instance54_m=2_n=8_l=15_c=10_s=2_9.txt,0.005721,21,21
adapted_instance54_m=2_n=8_l=15_c=10_s=2_10.txt,0.011657,21,21
adapted_instance56_m=2_n=8_l=15_c=10_s=1_1.txt,0.027013,26,25
adapted_instance56_m=2_n=8_l=15_c=10_s=1_2.txt,0.05041,26,26
adapted_instance56_m=2_n=8_l=15_c=10_s=1_3.txt,0.193874,26,25
adapted_instance56_m=2_n=8_l=15_c=10_s=1_4.txt,0.106644,26,25
adapted_instance56_m=2_n=8_l=15_c=10_s=1_5.txt,0.004617,27,25
adapted_instance56_m=2_n=8_l=15_c=10_s=1_6.txt,0.00097,25,25
adapted_instance56_m=2_n=8_l=15_c=10_s=1_7.txt,0.004085,27,25
adapted_instance56_m=2_n=8_l=15_c=10_s=1_8.txt,0.001669,25,25
adapted_instance56_m=2_n=8_l=15_c=10_s=1_9.txt,0.078536,26,25
adapted_instance56_m=2_n=8_l=15_c=10_s=1_10.txt,0.044185,26,25
adapted_instance58_m=2_n=8_l=15_c=10_s=0_1.txt,0.006638,21,21
adapted_instance58_m=2_n=8_l=15_c=10_s=0_2.txt,0.004158,21,21
adapted_instance58_m=2_n=8_l=15_c=10_s=0_3.txt,0.07053,22,21
adapted_instance58_m=2_n=8_l=15_c=10_s=0_4.txt,0.082576,21,21
adapted_instance58_m=2_n=8_l=15_c=10_s=0_5.txt,0.001693,21,21
adapted_instance58_m=2_n=8_l=15_c=10_s=0_6.txt,0.001757,21,21
adapted_instance58_m=2_n=8_l=15_c=10_s=0_7.txt,0.005539,21,21
adapted_instance58_m=2_n=8_l=15_c=10_s=0_8.txt,0.010576,22,21
adapted_instance58_m=2_n=8_l=15_c=10_s=0_9.txt,0.073329,21,21
adapted_instance58_m=2_n=8_l=15_c=10_s=0_10.txt,0.001076,21,21
adapted_instance60_m=2_n=8_l=15_c=10_s=2_1.txt,0.003444,22,21
adapted_instance60_m=2_n=8_l=15_c=10_s=2_2.txt,0.010686,21,21
adapted_instance60_m=2_n=8_l=15_c=10_s=2_3.txt,0.005023,21,21
adapted_instance60_m=2_n=8_l=15_c=10_s=2_4.txt,0.004067,22,21
adapted_instance60_m=2_n=8_l=15_c=10_s=2_5.txt,0.002557,21,21
adapted_instance60_m=2_n=8_l=15_c=10_s=2_6.txt,0.101445,22,21
adapted_instance60_m=2_n=8_l=15_c=10_s=2_7.txt,0.004018,22,21
adapted_instance60_m=2_n=8_l=15_c=10_s=2_8.txt,0.037091,22,21
adapted_instance60_m=2_n=8_l=15_c=10_s=2_9.txt,0.022927,22,21
adapted_instance60_m=2_n=8_l=15_c=10_s=2_10.txt,0.018923,21,21
adapted_instance62_m=2_n=8_l=15_c=10_s=1_1.txt,0.002789,40,33
adapted_instance62_m=2_n=8_l=15_c=10_s=1_2.txt,0.003692,37,33
adapted_instance62_m=2_n=8_l=15_c=10_s=1_3.txt,0.03082,36,33
adapted_instance62_m=2_n=8_l=15_c=10_s=1_4.txt,0.086568,39,34
adapted_instance62_m=2_n=8_l=15_c=10_s=1_5.txt,0.006203,41,31
adapted_instance62_m=2_n=8_l=15_c=10_s=1_6.txt,0.07976,36,33
adapted_instance62_m=2_n=8_l=15_c=10_s=1_7.txt,0.026115,38,31
adapted_instance62_m=2_n=8_l=15_c=10_s=1_8.txt,0.013711,38,32
adapted_instance62_m=2_n=8_l=15_c=10_s=1_9.txt,0.006316,39,34
adapted_instance62_m=2_n=8_l=15_c=10_s=1_10.txt,0.02638,36,34
adapted_instance64_m=2_n=8_l=15_c=10_s=0_1.txt,0.013225,43,39
adapted_instance64_m=2_n=8_l=15_c=10_s=0_2.txt,0.073959,41,39
adapted_instance64_m=2_n=8_l=15_c=10_s=0_3.txt,0.016541,45,39
adapted_instance64_m=2_n=8_l=15_c=10_s=0_4.txt,0.024401,46,39
adapted_instance64_m=2_n=8_l=15_c=10_s=0_5.txt,0.060628,45,38
adapted_instance64_m=2_n=8_l=15_c=10_s=0_6.txt,0.002278,43,39
adapted_instance64_m=2_n=8_l=15_c=10_s=0_7.txt,0.03813,45,39
adapted_instance64_m=2_n=8_l=15_c=10_s=0_8.txt,0.004196,45,38
adapted_instance64_m=2_n=8_l=15_c=10_s=0_9.txt,0.007354,46,37
adapted_instance64_m=2_n=8_l=15_c=10_s=0_10.txt,0.01416,43,39
adapted_instance66_m=2_n=8_l=15_c=10_s=2_1.txt,0.005602,39,35
adapted_instance66_m=2_n=8_l=15_c=10_s=2_2.txt,0.081144,38,34
adapted_instance66_m=2_n=8_l=15_c=10_s=2_3.txt,0.036099,41,35
adapted_instance66_m=2_n=8_l=15_c=10_s=2_4.txt,0.029485,37,34
adapted_instance66_m=2_n=8_l=15_c=10_s=2_5.txt,0.002589,40,36
adapted_instance66_m=2_n=8_l=15_c=10_s=2_6.txt,0.004587,38,34
adapted_instance66_m=2_n=8_l=15_c=10_s=2_7.txt,0.009241,39,37
adapted_instance66_m=2_n=8_l=15_c=10_s=2_8.txt,0.002511,37,34
adapted_instance66_m=2_n=8_l=15_c=10_s=2_9.txt,0.029024,40,35
adapted_instance66_m=2_n=8_l=15_c=10_s=2_10.txt,0.022401,41,33
adapted_instance68_m=2_n=8_l=15_c=10_s=1_1.txt,0.004526,35,31
adapted_instance68_m=2_n=8_l=15_c=10_s=1_2.txt,0.018333,39,31
adapted_instance68_m=2_n=8_l=15_c=10_s=1_3.txt,0.037456,37,31
adapted_instance68_m=2_n=8_l=15_c=10_s=1_4.txt,0.02508,36,31
adapted_instance68_m=2_n=8_l=15_c=10_s=1_5.txt,0.003008,37,31
adapted_instance68_m=2_n=8_l=15_c=10_s=1_6.txt,0.079748,35,33
adapted_instance68_m=2_n=8_l=15_c=10_s=1_7.txt,0.009052,40,31
adapted_instance68_m=2_n=8_l=15_c=10_s=1_8.txt,0.00659,37,31
adapted_instance68_m=2_n=8_l=15_c=10_s=1_9.txt,0.018818,35,31
adapted_instance68_m=2_n=8_l=15_c=10_s=1_10.txt,0.007914,41,34
adapted_instance6_m=2_n=8_l=15_c=5_s=2_1.txt,0.002312,26,23
adapted_instance6_m=2_n=8_l=15_c=5_s=2_2.txt,0.01147,28,22
adapted_instance6_m=2_n=8_l=15_c=5_s=2_3.txt,0.084349,29,22
adapted_instance6_m=2_n=8_l=15_c=5_s=2_4.txt,0.036349,24,21
adapted_instance6_m=2_n=8_l=15_c=5_s=2_5.txt,0.048064,27,22
adapted_instance6_m=2_n=8_l=15_c=5_s=2_6.txt,0.004193,26,21
adapted_instance6_m=2_n=8_l=15_c=5_s=2_7.txt,0.002787,27,21
adapted_instance6_m=2_n=8_l=15_c=5_s=2_8.txt,0.018232,28,23
adapted_instance6_m=2_n=8_l=15_c=5_s=2_9.txt,0.0268,27,22
adapted_instance6_m=2_n=8_l=15_c=5_s=2_10.txt,0.014826,25,22
adapted_instance70_m=2_n=8_l=15_c=10_s=0_1.txt,0.002248,38,36
adapted_instance70_m=2_n=8_l=15_c=10_s=0_2.txt,0.00867,41,37
adapted_instance70_m=2_n=8_l=15_c=10_s=0_3.txt,0.00976,42,37
adapted_instance70_m=2_n=8_l=15_c=10_s=0_4.txt,0.003333,40,37
adapted_instance70_m=2_n=8_l=15_c=10_s=0_5.txt,0.007666,40,36
adapted_instance70_m=2_n=8_l=15_c=10_s=0_6.txt,0.023469,40,38
adapted_instance70_m=2_n=8_l=15_c=10_s=0_7.txt,0.002382,41,38
adapted_instance70_m=2_n=8_l=15_c=10_s=0_8.txt,0.01243,39,38
adapted_instance70_m=2_n=8_l=15_c=10_s=0_9.txt,0.022764,40,37
adapted_instance70_m=2_n=8_l=15_c=10_s=0_10.txt,0.028524,41,38
adapted_instance72_m=2_n=8_l=15_c=10_s=2_1.txt,0.033877,48,42
adapted_instance72_m=2_n=8_l=15_c=10_s=2_2.txt,0.273104,46,42
adapted_instance72_m=2_n=8_l=15_c=10_s=2_3.txt,0.003795,45,41
adapted_instance72_m=2_n=8_l=15_c=10_s=2_4.txt,0.025223,46,42
adapted_instance72_m=2_n=8_l=15_c=10_s=2_5.txt,0.002732,46,44
adapted_instance72_m=2_n=8_l=15_c=10_s=2_6.txt,0.077556,47,42
adapted_instance72_m=2_n=8_l=15_c=10_s=2_7.txt,0.070125,43,42
adapted_instance72_m=2_n=8_l=15_c=10_s=2_8.txt,0.002699,47,42
adapted_instance72_m=2_n=8_l=15_c=10_s=2_9.txt,0.011704,46,43
adapted_instance72_m=2_n=8_l=15_c=10_s=2_10.txt,0.067076,49,43
adapted_instance74_m=2_n=8_l=15_c=10_s=1_1.txt,0.006538,30,27
adapted_instance74_m=2_n=8_l=15_c=10_s=1_2.txt,0.015125,30,26
adapted_instance74_m=2_n=8_l=15_c=10_s=1_3.txt,0.104662,31,28
adapted_instance74_m=2_n=8_l=15_c=10_s=1_4.txt,0.004586,33,26
adapted_instance74_m=2_n=8_l=15_c=10_s=1_5.txt,0.087424,33,29
adapted_instance74_m=2_n=8_l=15_c=10_s=1_6.txt,0.002865,31,28
adapted_instance74_m=2_n=8_l=15_c=10_s=1_7.txt,0.040512,32,28
adapted_instance74_m=2_n=8_l=15_c=10_s=1_8.txt,0.070946,32,27
adapted_instance74_m=2_n=8_l=15_c=10_s=1_9.txt,0.052838,31,27
adapted_instance74_m=2_n=8_l=15_c=10_s=1_10.txt,0.006834,31,27
adapted_instance76_m=2_n=8_l=15_c=10_s=0_1.txt,0.002955,39,34
adapted_instance76_m=2_n=8_l=15_c=10_s=0_2.txt,0.459144,40,36
adapted_instance76_m=2_n=8_l=15_c=10_s=0_3.txt,0.002257,38,36
adapted_instance76_m=2_n=8_l=15_c=10_s=0_4.txt,0.035854,41,34
adapted_instance76_m=2_n=8_l=15_c=10_s=0_5.txt,0.003141,37,34
adapted_instance76_m=2_n=8_l=15_c=10_s=0_6.txt,0.062489,39,36
adapted_instance76_m=2_n=8_l=15_c=10_s=0_7.txt,0.031721,41,33
adapted_instance76_m=2_n=8_l=15_c=10_s=0_8.txt,0.098218,40,33
adapted_instance76_m=2_n=8_l=15_c=10_s=0_9.txt,0.085655,38,33
adapted_instance76_m=2_n=8_l=15_c=10_s=0_10.txt,0.017374,38,33
adapted_instance78_m=2_n=8_l=15_c=10_s=2_1.txt,0.013713,42,36
adapted_instance78_m=2_n=8_l=15_c=10_s=2_2.txt,0.040064,37,36
adapted_instance78_m=2_n=8_l=15_c=10_s=2_3.txt,0.029203,38,37
adapted_instance78_m=2_n=8_l=15_c=10_s=2_4.txt,0.058794,40,36
adapted_instance78_m=2_n=8_l=15_c=10_s=2_5.txt,0.003983,39,34
adapted_instance78_m=2_n=8_l=15_c=10_s=2_6.txt,0.02497,37,35
adapted_instance78_m=2_n=8_l=15_c=10_s=2_7.txt,0.032158,40,36
adapted_instance78_m=2_n=8_l=15_c=10_s=2_8.txt,0.005769,37,34
adapted_instance78_m=2_n=8_l=15_c=10_s=2_9.txt,0.030068,39,37
adapted_instance78_m=2_n=8_l=15_c=10_s=2_10.txt,0.002991,37,34
adapted_instance80_m=2_n=8_l=15_c=10_s=1_1.txt,0.067906,43,33
adapted_instance80_m=2_n=8_l=15_c=10_s=1_2.txt,0.056811,38,33
adapted_instance80_m=2_n=8_l=15_c=10_s=1_3.txt,0.027851,39,33
adapted_instance80_m=2_n=8_l=15_c=10_s=1_4.txt,0.002224,37,35
adapted_instance80_m=2_n=8_l=15_c=10_s=1_5.txt,0.023655,41,35
adapted_instance80_m=2_n=8_l=15_c=10_s=1_6.txt,0.003051,36,33
adapted_instance80_m=2_n=8_l=15_c=10_s=1_7.txt,0.005021,39,34
adapted_instance80_m=2_n=8_l=15_c=10_s=1_8.txt,0.001157,33,33
adapted_instance80_m=2_n=8_l=15_c=10_s=1_9.txt,0.012057,42,33
adapted_instance80_m=2_n=8_l=15_c=10_s=1_10.txt,0.006274,39,33
adapted_instance82_m=2_n=8_l=15_c=10_s=0_1.txt,0.076673,39,35
adapted_instance82_m=2_n=8_l=15_c=10_s=0_2.txt,0.087241,43,36
adapted_instance82_m=2_n=8_l=15_c=10_s=0_3.txt,0.004612,44,35
adapted_instance82_m=2_n=8_l=15_c=10_s=0_4.txt,0.058339,44,35
adapted_instance82_m=2_n=8_l=15_c=10_s=0_5.txt,0.012586,43,35
adapted_instance82_m=2_n=8_l=15_c=10_s=0_6.txt,0.058589,38,35
adapted_instance82_m=2_n=8_l=15_c=10_s=0_7.txt,0.031176,44,35
adapted_instance82_m=2_n=8_l=15_c=10_s=0_8.txt,0.008667,37,35
adapted_instance82_m=2_n=8_l=15_c=10_s=0_9.txt,0.022362,39,35
adapted_instance82_m=2_n=8_l=15_c=10_s=0_10.txt,0.137499,38,34
adapted_instance84_m=2_n=8_l=15_c=10_s=2_1.txt,0.0295,40,35
adapted_instance84_m=2_n=8_l=15_c=10_s=2_2.txt,0.007463,39,35
adapted_instance84_m=2_n=8_l=15_c=10_s=2_3.txt,0.069279,36,35
adapted_instance84_m=2_n=8_l=15_c=10_s=2_4.txt,0.3065,39,36
adapted_instance84_m=2_n=8_l=15_c=10_s=2_5.txt,0.025008,39,36
adapted_instance84_m=2_n=8_l=15_c=10_s=2_6.txt,0.076651,40,35
adapted_instance84_m=2_n=8_l=15_c=10_s=2_7.txt,0.042196,42,37
adapted_instance84_m=2_n=8_l=15_c=10_s=2_8.txt,0.00785,41,37
adapted_instance84_m=2_n=8_l=15_c=10_s=2_9.txt,0.032639,41,35
adapted_instance84_m=2_n=8_l=15_c=10_s=2_10.txt,0.037877,40,36
adapted_instance86_m=2_n=8_l=15_c=10_s=1_1.txt,0.011905,40,40
adapted_instance86_m=2_n=8_l=15_c=10_s=1_2.txt,0.004267,43,38
adapted_instance86_m=2_n=8_l=15_c=10_s=1_3.txt,0.07353,46,38
adapted_instance86_m=2_n=8_l=15_c=10_s=1_4.txt,0.020715,43,38
adapted_instance86_m=2_n=8_l=15_c=10_s=1_5.txt,0.097737,45,38
adapted_instance86_m=2_n=8_l=15_c=10_s=1_6.txt,0.014987,43,39
adapted_instance86_m=2_n=8_l=15_c=10_s=1_7.txt,0.084638,44,38
adapted_instance86_m=2_n=8_l=15_c=10_s=1_8.txt,0.057275,44,38
adapted_instance86_m=2_n=8_l=15_c=10_s=1_9.txt,0.003707,45,39
adapted_instance86_m=2_n=8_l=15_c=10_s=1_10.txt,0.018411,46,38
adapted_instance88_m=2_n=8_l=15_c=10_s=0_1.txt,0.015566,46,41
adapted_instance88_m=2_n=8_l=15_c=10_s=0_2.txt,0.019381,43,39
adapted_instance88_m=2_n=8_l=15_c=10_s=0_3.txt,0.033617,46,40
adapted_instance88_m=2_n=8_l=15_c=10_s=0_4.txt,0.021217,44,40
adapted_instance88_m=2_n=8_l=15_c=10_s=0_5.txt,0.071314,44,40
adapted_instance88_m=2_n=8_l=15_c=10_s=0_6.txt,0.026433,46,42
adapted_instance88_m=2_n=8_l=15_c=10_s=0_7.txt,0.004906,47,41
adapted_instance88_m=2_n=8_l=15_c=10_s=0_8.txt,0.002446,43,42
adapted_instance88_m=2_n=8_l=15_c=10_s=0_9.txt,0.003116,48,39
adapted_instance88_m=2_n=8_l=15_c=10_s=0_10.txt,0.007558,45,41
adapted_instance8_m=2_n=8_l=15_c=5_s=1_1.txt,0.02333,28,26
adapted_instance8_m=2_n=8_l=15_c=5_s=1_2.txt,0.014304,29,27
adapted_instance8_m=2_n=8_l=15_c=5_s=1_3.txt,0.119359,30,26
adapted_instance8_m=2_n=8_l=15_c=5_s=1_4.txt,0.023226,29,27
adapted_instance8_m=2_n=8_l=15_c=5_s=1_5.txt,0.064218,29,26
adapted_instance8_m=2_n=8_l=15_c=5_s=1_6.txt,0.00218,27,26
adapted_instance8_m=2_n=8_l=15_c=5_s=1_7.txt,0.025018,31,27
adapted_instance8_m=2_n=8_l=15_c=5_s=1_8.txt,0.011759,28,27
adapted_instance8_m=2_n=8_l=15_c=5_s=1_9.txt,0.096352,29,27
adapted_instance8_m=2_n=8_l=15_c=5_s=1_10.txt,0.041317,29,27
adapted_instance90_m=2_n=8_l=15_c=10_s=2_1.txt,0.008499,45,41
adapted_instance90_m=2_n=8_l=15_c=10_s=2_2.txt,0.012828,45,41
adapted_instance90_m=2_n=8_l=15_c=10_s=2_3.txt,0.064294,44,40
adapted_instance90_m=2_n=8_l=15_c=10_s=2_4.txt,0.071787,45,41
adapted_instance90_m=2_n=8_l=15_c=10_s=2_5.txt,0.083782,45,40
adapted_instance90_m=2_n=8_l=15_c=10_s=2_6.txt,0.006316,47,41
adapted_instance90_m=2_n=8_l=15_c=10_s=2_7.txt,0.193457,45,42
adapted_instance90_m=2_n=8_l=15_c=10_s=2_8.txt,0.007442,43,41
adapted_instance90_m=2_n=8_l=15_c=10_s=2_9.txt,0.005029,46,41
adapted_instance90_m=2_n=8_l=15_c=10_s=2_10.txt,0.016526,46,42
adapted_instance92_m=2_n=8_l=15_c=10_s=1_1.txt,0.06664,33,31
adapted_instance92_m=2_n=8_l=15_c=10_s=1_2.txt,0.009189,34,31
adapted_instance92_m=2_n=8_l=15_c=10_s=1_3.txt,0.002301,33,30
adapted_instance92_m=2_n=8_l=15_c=10_s=1_4.txt,0.055046,33,31
adapted_instance92_m=2_n=8_l=15_c=10_s=1_5.txt,0.029873,32,30
adapted_instance92_m=2_n=8_l=15_c=10_s=1_6.txt,0.006155,36,30
adapted_instance92_m=2_n=8_l=15_c=10_s=1_7.txt,0.001984,35,30
adapted_instance92_m=2_n=8_l=15_c=10_s=1_8.txt,0.003097,34,30
adapted_instance92_m=2_n=8_l=15_c=10_s=1_9.txt,0.082606,35,31
adapted_instance92_m=2_n=8_l=15_c=10_s=1_10.txt,0.003997,36,32
adapted_instance94_m=2_n=8_l=15_c=10_s=0_1.txt,0.068837,35,29
adapted_instance94_m=2_n=8_l=15_c=10_s=0_2.txt,0.02353,36,30
adapted_instance94_m=2_n=8_l=15_c=10_s=0_3.txt,0.075843,32,30
adapted_instance94_m=2_n=8_l=15_c=10_s=0_4.txt,0.011683,35,28
adapted_instance94_m=2_n=8_l=15_c=10_s=0_5.txt,0.04083,35,29
adapted_instance94_m=2_n=8_l=15_c=10_s=0_6.txt,0.002306,36,30
adapted_instance94_m=2_n=8_l=15_c=10_s=0_7.txt,0.061756,33,31
adapted_instance94_m=2_n=8_l=15_c=10_s=0_8.txt,0.005461,35,32
adapted_instance94_m=2_n=8_l=15_c=10_s=0_9.txt,0.004975,39,30
adapted_instance94_m=2_n=8_l=15_c=10_s=0_10.txt,0.029934,32,30
adapted_instance96_m=2_n=8_l=15_c=10_s=2_1.txt,0.002853,34,30
adapted_instance96_m=2_n=8_l=15_c=10_s=2_2.txt,0.067792,33,31
adapted_instance96_m=2_n=8_l=15_c=10_s=2_3.txt,0.008783,32,29
adapted_instance96_m=2_n=8_l=15_c=10_s=2_4.txt,0.025724,32,29
adapted_instance96_m=2_n=8_l=15_c=10_s=2_5.txt,0.10222,37,29
adapted_instance96_m=2_n=8_l=15_c=10_s=2_6.txt,0.042691,33,28
adapted_instance96_m=2_n=8_l=15_c=10_s=2_7.txt,0.008592,36,30
adapted_instance96_m=2_n=8_l=15_c=10_s=2_8.txt,0.01943,33,29
adapted_instance96_m=2_n=8_l=15_c=10_s=2_9.txt,0.008527,33,31
adapted_instance96_m=2_n=8_l=15_c=10_s=2_10.txt,0.03795,33,28
adapted_instance98_m=2_n=8_l=15_c=10_s=1_1.txt,0.017484,36,33
adapted_instance98_m=2_n=8_l=15_c=10_s=1_2.txt,0.036317,34,33
adapted_instance98_m=2_n=8_l=15_c=10_s=1_3.txt,0.010573,36,33
adapted_instance98_m=2_n=8_l=15_c=10_s=1_4.txt,0.122845,38,32
adapted_instance98_m=2_n=8_l=15_c=10_s=1_5.txt,0.004428,35,32
adapted_instance98_m=2_n=8_l=15_c=10_s=1_6.txt,0.074424,39,34
adapted_instance98_m=2_n=8_l=15_c=10_s=1_7.txt,0.004027,38,33
adapted_instance98_m=2_n=8_l=15_c=10_s=1_8.txt,0.00676,35,34
adapted_instance98_m=2_n=8_l=15_c=10_s=1_9.txt,0.07877,37,34
adapted_instance98_m=2_n=8_l=15_c=10_s=1_10.txt,0.072021,38,33
